DataNasc;Sexo;EstadoCivil;NotaCN;NotaCH;NotaLC;NotaMT;InstrMae;Renda;EscolaEM
03/01/1994;M;Solteiro;518,7;582;527;491,8;Fundamental;2 a 3;Somente Publica
28/07/1994;F;Solteiro;450,7;530;490,9;352;Medio;2 a 3;Somente Publica
09/06/1996;F;Solteiro;519,5;596;498,9;467;Fundamental;4 a 5;Somente Publica
15/01/1996;M;Solteiro;516,9;626;613,9;623,2;Superior;4 a 5;Somente Privada
22/12/1995;F;Solteiro;755,2;703;651,3;844,7;Medio;6 a 8;Somente Privada
12/11/1996;F;Solteiro;548,1;578,4;542,4;444,5;Fundamental;2 a 3;Somente Publica
27/12/1997;M;Solteiro;552,8;621,3;579,8;677,4;Medio;2 a 3;Somente Publica
16/06/1991;M;Solteiro;462,8;539,6;353,1;425,5;Medio;6 a 8;Somente Publica
14/06/1994;M;Solteiro;578,4;614,4;552,7;640,5;Superior;9 ou mais;Somente Privada
24/05/1994;F;Solteiro;423,9;451,4;472,5;535,4;Fundamental;2 a 3;Somente Publica
05/08/1989;F;Solteiro;386,4;517,3;467,6;391,6;Fundamental;2 a 3;Somente Publica
01/09/1997;F;Casado;514,5;572,3;529,3;575;Medio;2 a 3;Somente Publica
06/11/1996;F;Solteiro;650,5;656,8;634,2;552,5;Superior;6 a 8;Somente Privada
29/07/1995;M;Solteiro;483,7;684,8;636,8;634,7;Medio;4 a 5;Somente Publica
12/02/1997;F;Solteiro;418,2;543,6;568,5;469,7;Medio;6 a 8;Somente Publica
08/12/1993;M;Solteiro;578,7;605,4;506,6;795,9;Superior;4 a 5;Somente Publica
15/10/1995;M;Solteiro;477,2;612,2;577,4;411,4;Medio;2 a 3;Somente Publica
03/04/1997;M;Solteiro;667,6;663,3;606;730;Medio;9 ou mais;Somente Privada
18/07/1996;F;Solteiro;649,9;706,1;633,5;714,9;Superior;2 a 3;Somente Privada
25/01/1996;M;Solteiro;520;582,2;560,5;458,4;Fundamental;2 a 3;Somente Publica
02/05/1983;F;Solteiro;381,2;517,3;505,4;336,3;Fundamental;2 a 3;Somente Publica
21/01/1997;F;Solteiro;625,4;665,1;622,9;661,3;Medio;6 a 8;Somente Publica
15/06/1986;M;Solteiro;595,7;655,7;500,2;441;Fundamental;2 a 3;Somente Publica
25/07/1997;F;Solteiro;476,8;621,2;548,9;413,5;Medio;4 a 5;Somente Publica
13/02/1990;M;Solteiro;529,3;580,6;499,8;653,1;Medio;4 a 5;Somente Publica
01/06/1986;F;Solteiro;551,7;659,6;589;446,3;Medio;9 ou mais;Somente Publica
23/05/1995;M;Solteiro;542,5;610,1;572,4;545,2;Fundamental;1 ou menos;Somente Publica
10/02/1996;M;Solteiro;575,4;638,7;506,1;620,6;Medio;6 a 8;Somente Privada
04/05/1996;M;Solteiro;551,1;636,1;592,3;638,8;Fundamental;4 a 5;Publica/Privada
01/04/1992;F;Solteiro;644,8;652,9;618,5;759,4;Superior;2 a 3;Somente Privada
17/03/1996;F;Solteiro;623,2;625,6;597,5;537,5;Fundamental;2 a 3;Somente Publica
17/06/1994;F;Solteiro;633,1;685,3;652,6;334,3;Superior;9 ou mais;Publica/Privada
22/08/1997;F;Solteiro;453;419;514,5;552,9;Fundamental;2 a 3;Somente Privada
08/05/1994;F;Solteiro;553,5;628,1;639,1;415,4;Medio;6 a 8;Somente Publica
06/10/1984;M;Solteiro;598,5;718,5;692,2;698,1;Medio;4 a 5;Somente Publica
08/10/1996;F;Solteiro;368,9;549,3;502,7;511,4;Fundamental;2 a 3;Somente Publica
17/12/1997;F;Solteiro;503,3;523,1;462,5;501;Fundamental;2 a 3;Somente Publica
24/06/1994;F;Solteiro;372;584,4;547,2;380,3;Fundamental;1 ou menos;Somente Publica
18/08/1994;F;Solteiro;476,7;659,2;623;558;Medio;4 a 5;Somente Publica
26/06/1987;M;Solteiro;529,2;628,7;430,4;613,7;Fundamental;4 a 5;Somente Privada
16/02/1993;F;Divorciado;533,2;608,2;586,3;428,2;Medio;2 a 3;Somente Publica
09/03/1996;M;Solteiro;660,3;675,9;613,3;614,3;Medio;9 ou mais;Somente Privada
26/11/1973;M;Casado;531,3;630,1;624,2;425,5;Fundamental;2 a 3;Somente Publica
08/07/1995;M;Solteiro;448,9;586;584,6;461,8;Fundamental;2 a 3;Somente Publica
24/02/1997;M;Solteiro;484,1;556,9;471,2;626,2;Medio;2 a 3;Somente Publica
02/03/1993;M;Solteiro;464,6;478,1;497,1;487;Medio;2 a 3;Somente Publica
27/09/1997;F;Solteiro;399,3;548,3;496,2;399,2;Medio;2 a 3;Somente Publica
19/09/1996;M;Solteiro;645,2;713;648,2;593,6;Medio;9 ou mais;Somente Privada
25/10/1995;M;Solteiro;575,9;620,8;585,6;731,2;Fundamental;2 a 3;Somente Publica
20/02/1985;F;Solteiro;484,1;499,3;451,5;331,5;Medio;2 a 3;Somente Publica
07/09/1993;M;Solteiro;375,2;414,4;465,9;425,9;Fundamental;2 a 3;Somente Publica
04/10/1997;M;Solteiro;557,5;609,9;559,3;664,4;Medio;6 a 8;Somente Privada
10/04/1995;F;Solteiro;447,5;444,6;580,5;396,3;Medio;2 a 3;Somente Publica
08/12/1996;F;Solteiro;482,3;581,6;583;521,7;Medio;2 a 3;Somente Publica
14/11/1994;M;Solteiro;524,9;558,3;581;369,7;Medio;2 a 3;Somente Publica
15/09/1988;M;Solteiro;554,4;652,9;623,2;623,4;Fundamental;4 a 5;Somente Publica
23/06/1982;M;Solteiro;437;395,5;436,3;361,8;Fundamental;1 ou menos;Somente Publica
04/04/1993;F;Solteiro;401,3;552;522,3;458,8;Fundamental;2 a 3;Somente Publica
27/01/1995;F;Solteiro;426,1;506,7;533,6;450,1;Medio;2 a 3;Somente Publica
11/10/1991;M;Casado;461,7;471,5;473,8;461,3;Fundamental;6 a 8;Somente Publica
07/01/1995;M;Solteiro;658,1;631,2;632,3;927,2;Medio;6 a 8;Somente Publica
09/10/1991;F;Divorciado;428,3;564,9;541,6;414,2;Fundamental;4 a 5;Somente Publica
15/07/1991;F;Solteiro;475,7;532,3;490,8;400,2;Medio;4 a 5;Somente Publica
03/01/1993;F;Solteiro;682,2;735,4;637;699,3;Medio;9 ou mais;Somente Publica
09/01/1987;F;Solteiro;470,9;530,7;495,3;338,2;Fundamental;2 a 3;Somente Publica
20/12/1993;F;Solteiro;579,8;560,2;581,2;602,4;Fundamental;2 a 3;Somente Publica
08/08/1992;F;Solteiro;502,5;603,3;558;372,4;Medio;2 a 3;Somente Publica
18/08/1993;F;Solteiro;458,6;551,2;579,5;561,9;Fundamental;2 a 3;Somente Publica
18/08/1995;F;Solteiro;352,9;551,1;528,6;435,7;Fundamental;2 a 3;Somente Publica
18/01/1997;F;Solteiro;463,7;568,5;550,1;530,4;Medio;2 a 3;Publica/Privada
17/10/1970;M;Casado;558,5;535,8;445,7;534,8;Fundamental;2 a 3;Publica/Privada
04/03/1995;M;Solteiro;492,6;570,8;545,3;419;Fundamental;2 a 3;Somente Publica
31-2-1989;M;Solteiro;678,8;691,9;605,2;672,3;Fundamental;6 a 8;Somente Privada
06/04/1996;M;Solteiro;572,8;606,5;602,9;735,6;Medio;9 ou mais;Somente Publica
25/08/1978;M;Casado;562,8;674,8;551,9;777,2;Fundamental;6 a 8;Somente Publica
12/01/1987;M;Solteiro;675,2;715,6;673,3;644,6;Fundamental;2 a 3;Somente Publica
22/09/1997;F;Solteiro;624;676,7;605,1;672,5;Medio;9 ou mais;Somente Privada
16/12/1990;M;Solteiro;490,6;653,3;568,3;383,4;Fundamental;2 a 3;Somente Publica
27/04/1973;F;Casado;512,2;503,8;439;386,7;Fundamental;2 a 3;Somente Publica
26/07/1990;M;Casado;576,4;622,7;625,8;763,4;Fundamental;2 a 3;Somente Publica
15/08/1995;F;Solteiro;407,3;509,1;369,2;381,4;Fundamental;2 a 3;Somente Publica
28/07/1997;M;Solteiro;542,2;567,1;670,8;460,2;Medio;2 a 3;Somente Publica
01/06/1993;M;Solteiro;468,1;655,2;565,3;467,9;Medio;2 a 3;Somente Privada
10/09/1997;M;Solteiro;687,1;657,5;661,8;808;Medio;6 a 8;Somente Privada
09/07/1989;M;Solteiro;393,4;619;519,9;459,9;Medio;6 a 8;Somente Publica
20/08/1975;F;Solteiro;444,1;537;520,8;370,3;Fundamental;2 a 3;Somente Publica
04/02/1989;M;Solteiro;501,8;554,7;578,8;672,9;Fundamental;2 a 3;Somente Publica
13/01/1987;F;Solteiro;484,7;571;521,3;407,1;Fundamental;2 a 3;Somente Publica
09/08/1978;M;Casado;705,8;688,3;673,2;676,7;Medio;6 a 8;Somente Publica
16/10/1981;F;Casado;417,3;586,9;498,8;386,2;Fundamental;2 a 3;Somente Publica
07/01/1990;M;Solteiro;428,7;581,9;441,5;538,1;Fundamental;2 a 3;Somente Publica
27/02/1995;F;Solteiro;503,3;593,1;550,4;363,9;Fundamental;2 a 3;Somente Publica
22/06/1988;M;Casado;468,1;605,5;586,3;443;Fundamental;2 a 3;Somente Publica
14/04/1994;M;Solteiro;536,4;619,6;537,5;449,7;Medio;6 a 8;Somente Publica
12/11/1995;M;Solteiro;386,7;551,5;505,9;438,3;Fundamental;2 a 3;Somente Publica
22/04/1995;F;Solteiro;502,7;618,7;583,5;463,3;Fundamental;2 a 3;Somente Publica
14/04/1996;M;Solteiro;649,5;711;659;547,4;Superior;4 a 5;Somente Publica
25/03/1992;F;Casado;375,5;561,1;565,6;428,8;Medio;2 a 3;Somente Privada
31/08/1953;F;Solteiro;467;521;401,2;381;Fundamental;1 ou menos;Somente Publica
28/03/1996;F;Solteiro;415;514,1;420,3;324,9;Medio;2 a 3;Somente Publica
15/09/1997;F;Solteiro;503,4;579,4;546,3;410,6;Fundamental;2 a 3;Somente Publica
26/09/1987;M;Solteiro;500,1;542;466,3;502,4;Fundamental;2 a 3;Somente Publica
27/03/1997;F;Solteiro;564,9;614,9;594,2;581,4;Medio;6 a 8;Somente Publica
14/05/1978;M;Solteiro;569,9;573,3;586,6;528;Fundamental;2 a 3;Somente Publica
21/05/1994;M;Solteiro;456,8;478;480;424,8;Fundamental;2 a 3;Somente Publica
04/06/1991;F;Solteiro;566;524;513,8;551,2;Medio;2 a 3;Somente Publica
20/12/1995;F;Casado;412,8;589,9;526,3;517,6;Fundamental;1 ou menos;Somente Publica
12/01/1992;M;Solteiro;546;592,5;488;484,8;Medio;4 a 5;Somente Publica
09/10/1987;F;Solteiro;475,4;539,5;535,9;498,9;Fundamental;2 a 3;Somente Publica
18/06/1977;M;Solteiro;452,4;561;410,2;379,7;Fundamental;1 ou menos;Somente Publica
26/04/1991;M;Casado;546,5;675,2;612,9;653,7;Fundamental;2 a 3;Somente Publica
23/09/1997;M;Solteiro;507,4;548,7;443,5;469,4;Fundamental;2 a 3;Somente Publica
30/09/1988;M;Solteiro;514,5;634,8;582;702,8;Fundamental;2 a 3;Somente Publica
13/11/1978;F;Solteiro;490,4;569,8;537,7;322,2;Medio;2 a 3;Somente Publica
09/10/1996;M;Solteiro;568,1;579,6;499,1;485;Medio;6 a 8;Publica/Privada
30/08/1997;M;Solteiro;516,7;626;577,4;486,4;Medio;2 a 3;Somente Publica
30/10/1994;F;Casado;436,7;501,5;491,4;381;Fundamental;2 a 3;Somente Publica
21/04/1979;F;Casado;478,7;594,3;513,2;418,1;Fundamental;2 a 3;Somente Publica
24/10/1981;M;Solteiro;448,6;500,1;455;375,4;Medio;1 ou menos;Somente Publica
28/12/1991;M;Solteiro;518,9;513,4;522,7;449,2;Medio;4 a 5;Somente Publica
20/04/1997;F;Solteiro;473,7;548,5;480,9;400,6;Fundamental;2 a 3;Somente Publica
18/10/1997;M;Solteiro;583,8;614,3;589,5;629,2;Fundamental;1 ou menos;Somente Publica
26/10/1981;M;Casado;517,4;588,1;521,9;574,3;Fundamental;2 a 3;Somente Publica
30/04/1995;F;Solteiro;571,6;607,3;515;396,2;Fundamental;2 a 3;Somente Publica
27/04/1989;M;Solteiro;470,6;700,7;612,9;486,7;Fundamental;2 a 3;Somente Publica
25/08/1995;F;Solteiro;545,4;605,1;606,1;404,9;Medio;2 a 3;Somente Publica
02/12/1995;F;Solteiro;458,7;503;418,9;397,8;Medio;2 a 3;Somente Publica
15/08/1995;F;Solteiro;409,3;527,8;533,2;361,6;Medio;2 a 3;Somente Publica
29/06/1981;M;Solteiro;495,4;588,2;548,2;435;Fundamental;4 a 5;Somente Publica
01/08/1992;F;Solteiro;426,4;593,2;526;491,1;Medio;2 a 3;Somente Publica
02/12/1964;F;Solteiro;441,1;550;474,3;380,6;Fundamental;1 ou menos;Somente Publica
03/07/1981;F;Divorciado;526,5;611,9;568;433,7;Fundamental;2 a 3;Somente Publica
20/05/1997;F;Solteiro;448,6;471,3;524,8;422,6;Fundamental;2 a 3;Somente Publica
28/02/1984;F;Casado;442,9;563,3;482,7;338,7;Fundamental;2 a 3;Publica/Privada
25/03/1995;M;Solteiro;709;694,7;653,3;777,7;Medio;6 a 8;Somente Publica
18/08/1995;M;Solteiro;604,5;641,7;632,3;540,2;Fundamental;4 a 5;Somente Publica
29/11/1995;M;Solteiro;499,4;557,7;571,4;447,4;Fundamental;6 a 8;Somente Privada
01/05/1983;F;Solteiro;359;556,7;344,8;586,9;Fundamental;2 a 3;Somente Publica
28/08/1985;M;Casado;599,4;650,3;611,3;661,4;Medio;4 a 5;Somente Publica
23/10/1993;F;Solteiro;559,1;604,1;617,1;480,2;Medio;6 a 8;Somente Privada
14/05/1963;F;Divorciado;436,5;525,3;463,7;345,9;Fundamental;2 a 3;Somente Publica
28/02/1995;M;Solteiro;537,3;531,4;553,4;619,6;Superior;6 a 8;Publica/Privada
30/06/1993;F;Solteiro;450,8;574,2;504,3;435,9;Medio;2 a 3;Somente Publica
05/03/1992;F;Solteiro;550;512,7;446,3;381,6;Medio;2 a 3;Somente Publica
13/04/1995;F;Solteiro;601,6;572;592,5;598;Medio;9 ou mais;Somente Privada
04/10/1996;F;Solteiro;558,2;658,1;653,1;553,1;Medio;4 a 5;Somente Privada
28/11/1997;F;Solteiro;545,9;599,8;579,8;508,5;Medio;4 a 5;Somente Publica
04/06/1991;F;Solteiro;536,4;606,8;611,2;439,2;Fundamental;6 a 8;Somente Publica
14/08/1997;M;Solteiro;436,7;521,2;508,7;378,2;Fundamental;2 a 3;Somente Publica
06/07/1983;F;Solteiro;499,8;518,2;539,5;352,3;Medio;2 a 3;Somente Privada
11/09/1993;F;Solteiro;432,8;483,7;498,9;331,6;Fundamental;1 ou menos;Somente Publica
11/02/1995;F;Solteiro;554,9;669,4;585,1;567,9;Fundamental;4 a 5;Somente Publica
10/07/1985;M;Solteiro;421,9;631,6;538,3;367,3;Fundamental;2 a 3;Somente Publica
30/08/1996;M;Solteiro;524,2;652,1;649,2;565,3;Medio;2 a 3;Somente Privada
06/06/1997;F;Solteiro;615,7;603,3;568,2;380,9;Medio;2 a 3;Somente Publica
12/04/1994;F;Solteiro;475,8;604,8;545,9;527,2;Medio;4 a 5;Publica/Privada
09/04/1994;F;Solteiro;423,7;604,6;534,4;337,9;Medio;2 a 3;Somente Publica
09/08/1996;F;Solteiro;604,4;712,2;634,9;532,4;Medio;9 ou mais;Somente Privada
10/09/1993;F;Solteiro;510,7;632,7;559,6;440,4;Medio;2 a 3;Somente Publica
25/05/1996;F;Solteiro;536,4;623,4;566;712,4;Medio;4 a 5;Somente Privada
22/12/1997;M;Solteiro;514,6;457;427,1;413,5;Medio;2 a 3;Somente Publica
20/04/1997;M;Solteiro;346,9;591,9;507,4;339,4;Fundamental;2 a 3;Somente Publica
14/08/1996;F;Solteiro;480,7;579,5;535,7;416;Medio;4 a 5;Somente Privada
16/04/1979;F;Solteiro;441,9;549,1;499,4;373,7;Fundamental;2 a 3;Somente Publica
10/05/1996;M;Solteiro;411,8;496,1;468,4;314,2;Fundamental;2 a 3;Somente Publica
20/06/1988;F;Solteiro;494,9;620,3;601,6;610,6;Medio;2 a 3;Somente Publica
22/08/1987;F;Solteiro;567,2;592,2;553,1;578,9;Fundamental;2 a 3;Somente Publica
01/07/1995;F;Solteiro;476,6;611,8;559,3;519,7;Medio;6 a 8;Somente Publica
10/07/1965;M;Solteiro;646,4;734,9;631,1;675,5;Fundamental;1 ou menos;Somente Publica
07/08/1994;M;Solteiro;474,3;556;545;434;Fundamental;2 a 3;Somente Publica
23/10/1997;M;Solteiro;511,3;600,9;571,2;650,4;Fundamental;4 a 5;Somente Publica
09/06/1998;M;Solteiro;633;631,1;588,8;821,6;Medio;1 ou menos;Somente Privada
10/09/1994;F;Solteiro;508;520,9;418,4;422,2;Fundamental;2 a 3;Somente Publica
09/07/1997;F;Solteiro;521,1;639,1;711,8;472,9;Medio;2 a 3;Somente Publica
28/01/1996;F;Solteiro;410,2;424;482,1;396,5;Fundamental;2 a 3;Somente Publica
09/02/1974;M;Divorciado;492,4;577,5;500,9;417,5;Fundamental;2 a 3;Somente Publica
12/01/1994;M;Solteiro;505,9;678,3;602,7;317,2;Medio;4 a 5;Somente Publica
11/10/1996;M;Solteiro;455,3;491,6;407,1;387,3;Medio;2 a 3;Somente Publica
29/08/1997;F;Solteiro;437;458,6;494,5;416,8;Fundamental;2 a 3;Somente Publica
23/03/1996;F;Casado;426,8;576,5;557;420,7;Fundamental;1 ou menos;Somente Publica
22/05/1996;M;Solteiro;466,6;647,4;580,2;530,9;Medio;6 a 8;Somente Privada
01/02/1996;F;Solteiro;445,5;595,8;537,3;491,9;Fundamental;4 a 5;Somente Publica
31/03/1994;M;Solteiro;730;732,6;717,5;888,5;Superior;9 ou mais;Somente Privada
24/05/1995;F;Solteiro;412,4;548,7;417,5;437,5;Fundamental;2 a 3;Somente Publica
05/06/1941;M;Casado;605,4;666,5;569,2;484,1;Fundamental;9 ou mais;Publica/Privada
25/05/1997;F;Solteiro;387,7;521,8;574,5;422;Medio;2 a 3;Somente Publica
26/11/1996;F;Solteiro;566,5;608,1;562,1;692,3;Fundamental;2 a 3;Somente Publica
10/06/1994;F;Solteiro;484,7;503,6;502,7;475,2;Fundamental;4 a 5;Somente Publica
18/05/1996;F;Solteiro;457,9;525,1;532,4;360,7;Medio;2 a 3;Somente Publica
09/04/1993;F;Solteiro;469;599,3;536,4;582,6;Fundamental;2 a 3;Somente Publica
31/10/1966;F;Casado;519,8;615,7;606,8;449,6;Fundamental;6 a 8;Somente Publica
28/06/1996;F;Solteiro;662,1;685,8;638,7;589,6;Medio;9 ou mais;Publica/Privada
01/12/1991;F;Solteiro;442,5;572,2;506,9;382,4;Fundamental;2 a 3;Somente Publica
29/07/1994;F;Casado;440,8;534,9;532,1;481,4;Fundamental;2 a 3;Somente Publica
06/01/1982;M;Solteiro;396,3;477,3;455,9;364;Fundamental;2 a 3;Somente Publica
14/05/1996;M;Solteiro;552,4;652,6;592,8;619,8;Fundamental;4 a 5;Somente Privada
11/01/1997;F;Solteiro;627;653,9;688,2;653,8;Medio;4 a 5;Somente Privada
23/03/1997;F;Solteiro;373,4;517,2;485,5;399,4;Fundamental;2 a 3;Somente Publica
09/02/1995;F;Solteiro;566,5;635,6;600,8;563,2;Medio;6 a 8;Somente Publica
06/04/1993;M;Solteiro;472,9;560,8;529,4;363,9;Medio;2 a 3;Somente Publica
08/01/1982;M;Solteiro;592;686,9;637,2;667,8;Medio;4 a 5;Publica/Privada
24/09/1995;F;Solteiro;457,2;540,3;494,1;466,6;Medio;2 a 3;Somente Publica
03/11/1995;F;Casado;399,8;428,6;326;392,4;Medio;2 a 3;Somente Publica
25/11/1997;F;Solteiro;509,4;550,3;487,9;345,1;Medio;4 a 5;Somente Publica
01/05/1997;M;Solteiro;779,3;709,2;668,8;866,8;Medio;6 a 8;Somente Privada
20/12/1996;M;Solteiro;601,2;597,3;576,5;767,5;Superior;6 a 8;Somente Publica
18/12/1993;F;Solteiro;418,1;517,7;452;383,9;Fundamental;2 a 3;Somente Privada
16/05/1997;F;Solteiro;492,4;606,3;580,5;615,6;Medio;9 ou mais;Publica/Privada
20/10/1997;F;Solteiro;426,8;574,9;490,6;409,2;Medio;2 a 3;Somente Publica
20/07/1993;M;Solteiro;435;577,8;466,7;410,3;Fundamental;2 a 3;Somente Publica
07/01/1997;M;Solteiro;573,6;631;582,5;723,6;Fundamental;2 a 3;Somente Publica
06/06/1997;M;Solteiro;434,7;508,2;432,2;375;Fundamental;2 a 3;Somente Publica
16/08/1961;F;Solteiro;558,9;649,4;573,7;369,6;Fundamental;4 a 5;Somente Publica
30/09/1989;F;Solteiro;517,2;557,8;536,4;520,1;Fundamental;1 ou menos;Somente Publica
13/07/1996;F;Solteiro;526,4;633,3;564,2;575,6;Medio;2 a 3;Somente Privada
04/08/1980;M;Divorciado;488,5;618,3;596,9;575,9;Medio;9 ou mais;Publica/Privada
03/01/1988;M;Casado;524,8;593,7;546;369,8;Medio;6 a 8;Somente Publica
21/11/1982;M;Solteiro;542,1;618;587,2;367,7;Fundamental;2 a 3;Publica/Privada
24/04/1983;F;Solteiro;371,1;710,6;637,7;322,5;Superior;1 ou menos;Somente Privada
29/04/1993;F;Solteiro;496,8;412,6;453;498,3;Fundamental;2 a 3;Somente Publica
05/05/1996;F;Solteiro;504,8;561,8;475,2;575,9;Fundamental;1 ou menos;Somente Publica
06/03/1995;F;Casado;479,4;529,9;404,2;469,9;Fundamental;2 a 3;Somente Publica
13/06/1973;F;Divorciado;439,6;560,8;554,2;549,7;Fundamental;1 ou menos;Somente Publica
06/02/1997;M;Solteiro;614,4;719,1;633,8;856;Medio;2 a 3;Somente Privada
05/04/1996;F;Solteiro;471;594,7;568,3;663,6;Medio;6 a 8;Somente Privada
15/04/1992;F;Solteiro;405,5;495,5;499,3;320,8;Fundamental;2 a 3;Somente Publica
23/02/1993;F;Solteiro;477;585,1;559;419,3;Medio;2 a 3;Somente Publica
27/11/1995;M;Solteiro;439,2;547,5;497,9;329,7;Medio;2 a 3;Somente Publica
21/06/1996;M;Solteiro;360,4;555,6;541,1;632,1;Fundamental;2 a 3;Somente Publica
02/11/1990;M;Solteiro;523,1;509,1;417,3;410,3;Fundamental;4 a 5;Somente Publica
15/04/1991;F;Solteiro;391,8;591,3;473,4;437,7;Fundamental;4 a 5;Somente Publica
28/05/1993;M;Solteiro;431,6;584,9;498,8;533,7;Medio;2 a 3;Somente Publica
07/06/1995;F;Solteiro;519,1;586,7;484;449,5;Fundamental;1 ou menos;Somente Publica
15/08/1996;F;Solteiro;667;679,2;596,4;806,1;Medio;6 a 8;Somente Privada
09/12/1997;M;Solteiro;595,9;520,6;417,5;754,9;Medio;4 a 5;Somente Publica
06/03/1988;M;Solteiro;455,1;553,5;481,3;381,4;Fundamental;2 a 3;Somente Publica
17/09/1992;F;Solteiro;469,2;596,3;530,5;602,2;Fundamental;4 a 5;Somente Publica
03/09/1996;M;Solteiro;489,2;606,2;462,1;437,6;Fundamental;2 a 3;Somente Publica
16/05/1997;M;Solteiro;518,6;607,4;533,6;390,2;Medio;2 a 3;Somente Publica
02/03/1969;F;Solteiro;522,5;582,6;517,7;514,6;Fundamental;2 a 3;Publica/Privada
12/05/1996;F;Solteiro;428,3;555,3;508,1;471,4;Fundamental;2 a 3;Somente Publica
21/02/1997;M;Solteiro;796,1;738,7;688,1;805,7;Medio;6 a 8;Somente Privada
05/07/1979;M;Solteiro;513,7;598,9;500,9;388,4;Fundamental;2 a 3;Somente Publica
03/10/1984;M;Casado;519,1;577,9;556,8;548,1;Medio;4 a 5;Somente Publica
23/02/1996;M;Solteiro;519,4;624,3;527,5;483,9;Medio;2 a 3;Somente Publica
16/11/1996;F;Solteiro;448,2;508,5;493,4;494,6;Fundamental;2 a 3;Somente Publica
27/12/1994;M;Solteiro;568,4;637;545,5;730,1;Superior;6 a 8;Somente Privada
19/04/1997;F;Solteiro;494,6;505,3;414,9;400,5;Fundamental;1 ou menos;Somente Privada
22/03/1995;F;Solteiro;453,9;625,6;553,9;455,1;Fundamental;4 a 5;Somente Publica
20/04/1997;M;Solteiro;536,5;652,2;601,7;575,1;Medio;1 ou menos;Somente Publica
17/07/1996;M;Solteiro;616;635,6;585,5;612,1;Medio;9 ou mais;Somente Privada
21/07/1997;F;Solteiro;774,1;760,8;683,5;901,9;Medio;6 a 8;Somente Privada
10/12/1963;F;Casado;453,2;475,1;477,5;426,2;Fundamental;2 a 3;Somente Publica
26/08/1996;F;Solteiro;655,1;681,2;617,3;730,7;Superior;9 ou mais;Somente Publica
07/06/1988;F;Solteiro;417;514,6;464,1;381,3;Fundamental;2 a 3;Somente Publica
05/05/1997;F;Solteiro;565,6;650,4;573,6;699,2;Medio;6 a 8;Somente Privada
20/07/1997;F;Solteiro;435,4;489,4;480,6;334,4;Medio;2 a 3;Somente Publica
05/09/1995;M;Solteiro;580,9;644,7;604,5;399,6;Medio;9 ou mais;Somente Privada
07/12/1994;M;Solteiro;548,6;645,7;611,4;643,4;Medio;2 a 3;Somente Publica
25/03/1991;F;Solteiro;496,9;552,5;503,2;517,9;Medio;4 a 5;Somente Publica
31/03/1987;M;Solteiro;401,6;539,4;364,3;358,8;Fundamental;2 a 3;Somente Publica
12/05/1992;M;Solteiro;381,1;541,5;453,1;343,7;Fundamental;2 a 3;Somente Publica
04/02/1986;M;Casado;483,7;609;500,5;415;Fundamental;2 a 3;Somente Publica
24/08/1996;F;Solteiro;602,6;624,8;613,9;510,7;Medio;4 a 5;Somente Privada
09/09/1997;F;Solteiro;399,5;524;509,6;406,2;Fundamental;2 a 3;Somente Publica
14/11/1979;M;Casado;375,9;550,4;464,1;342,7;Fundamental;2 a 3;Somente Publica
10/01/1997;F;Solteiro;563,4;680,9;632,6;432,9;Superior;6 a 8;Somente Publica
22/01/1993;M;Solteiro;418,9;534,7;536,2;446,7;Medio;2 a 3;Somente Publica
20/04/1977;M;Solteiro;436,9;410,3;366,4;363,4;Fundamental;2 a 3;Somente Publica
18/01/1987;M;Casado;616,1;656,6;590,6;682,1;Medio;2 a 3;Somente Publica
27/01/1996;M;Solteiro;463,9;558,5;496;442,7;Medio;2 a 3;Somente Publica
17/12/1991;F;Solteiro;470;488,4;410,7;427,8;Fundamental;2 a 3;Somente Publica
29/05/1995;M;Solteiro;468,3;504,1;464,1;337,1;Fundamental;2 a 3;Somente Publica
11/04/1981;F;Casado;483,4;598,1;543,1;439,5;Fundamental;2 a 3;Somente Publica
04/04/1992;M;Solteiro;476,7;630,5;528,1;528,5;Fundamental;2 a 3;Somente Publica
07/05/1997;F;Solteiro;621,8;657,1;605,5;748,6;Superior;6 a 8;Somente Privada
30/01/1995;M;Solteiro;406,2;621,5;541,6;497,1;Fundamental;2 a 3;Somente Publica
28/01/1993;M;Solteiro;531,9;593,9;442;450,4;Fundamental;2 a 3;Somente Publica
23/12/1995;F;Solteiro;402,5;574;552,9;480,7;Medio;2 a 3;Somente Publica
19/03/1996;M;Solteiro;597,5;661;669,1;652,3;Medio;6 a 8;Somente Publica
15/12/1995;F;Solteiro;411,3;584,8;491,1;369;Fundamental;1 ou menos;Somente Publica
14/07/1996;M;Solteiro;498,5;575,2;588;418,2;Medio;6 a 8;Publica/Privada
19/02/1994;M;Solteiro;530,1;577,8;547,5;404,3;Fundamental;2 a 3;Somente Publica
14/05/1996;F;Solteiro;472,8;597,1;519,1;450,9;Fundamental;6 a 8;Somente Publica
10/02/1996;F;Solteiro;427,2;548;505,7;428,1;Fundamental;2 a 3;Somente Publica
04/09/1986;F;Solteiro;374,4;395,8;435,7;421,6;Fundamental;2 a 3;Somente Publica
07/09/1982;F;Solteiro;667,8;753,2;704,7;652,8;Fundamental;4 a 5;Somente Privada
23/05/1988;M;Solteiro;428,2;615,8;623,6;585,6;Fundamental;2 a 3;Somente Publica
11/04/1991;M;Casado;477,9;596,6;506,7;396,8;Fundamental;4 a 5;Somente Publica
08/02/1970;M;Divorciado;609,6;688,4;604,5;699,7;Fundamental;6 a 8;Somente Publica
08/11/1994;F;Solteiro;406,6;563,8;539,5;440,8;Fundamental;1 ou menos;Somente Publica
30/04/1994;M;Solteiro;509,1;594,6;521,5;426,1;Medio;4 a 5;Somente Publica
16/03/1993;M;Solteiro;547,7;591,4;574,3;580;Medio;2 a 3;Somente Publica
06/11/1992;F;Solteiro;596,8;670,5;626,8;481,8;Fundamental;1 ou menos;Somente Publica
10/03/1995;F;Solteiro;456;581,5;577,6;405,9;Medio;2 a 3;Somente Publica
27/04/1985;F;Divorciado;530,1;521,9;525,2;379;Fundamental;2 a 3;Somente Publica
08/12/1995;M;Solteiro;524;608,4;532,6;588;Medio;2 a 3;Somente Publica
21/11/1996;F;Solteiro;651,3;690,5;679,9;696,6;Medio;9 ou mais;Somente Privada
24/06/1994;M;Solteiro;486,1;625,7;531,7;394,9;Fundamental;2 a 3;Somente Publica
11/03/1997;F;Solteiro;559,9;652,8;565,6;542,8;Medio;2 a 3;Somente Privada
25/12/1993;F;Solteiro;409,9;546,8;432,5;430,5;Fundamental;6 a 8;Somente Publica
23/03/1993;F;Solteiro;418,9;596,9;578,7;556,7;Fundamental;6 a 8;Somente Publica
16/02/1989;M;Solteiro;552,4;647,2;553;670,5;Medio;2 a 3;Somente Publica
15/03/1995;M;Solteiro;517,4;612,3;530,1;479,2;Medio;2 a 3;Somente Publica
10/03/1993;F;Solteiro;418;498,2;508,7;379,9;Fundamental;2 a 3;Somente Publica
07/11/1995;M;Solteiro;451,1;578,5;591,3;387,4;Medio;4 a 5;Somente Publica
10/10/1995;F;Solteiro;504,4;594,6;574,2;613,2;Fundamental;4 a 5;Somente Privada
26/04/1995;F;Solteiro;643,8;662,8;629,3;676,8;Medio;6 a 8;Somente Privada
12/11/1996;M;Solteiro;525,8;592,1;551,4;565,3;Fundamental;2 a 3;Somente Publica
07/10/1993;F;Solteiro;463,1;515,7;392,2;433,7;Fundamental;2 a 3;Somente Publica
06/07/1996;F;Solteiro;500,2;586,7;556;473,9;Medio;2 a 3;Somente Publica
16/11/1990;F;Solteiro;532,7;658;570,1;370,4;Fundamental;1 ou menos;Somente Publica
23/01/1992;F;Solteiro;500,6;683,7;623,2;559,5;Fundamental;4 a 5;Somente Publica
10/09/1995;M;Solteiro;772,5;696,5;610,3;838,9;Superior;9 ou mais;Somente Privada
12/01/1997;F;Solteiro;671,4;691,8;677,2;827,1;Superior;6 a 8;Somente Privada
27/02/1991;F;Solteiro;564,3;655,5;612,8;578,5;Superior;6 a 8;Somente Privada
17/05/1997;M;Solteiro;667,8;645,8;674,8;801,1;Superior;6 a 8;Somente Publica
28/02/1997;F;Solteiro;650,2;757,7;615,6;760,2;Superior;9 ou mais;Somente Privada
11/10/1984;F;Casado;443,9;549,9;491,7;352,4;Fundamental;2 a 3;Somente Publica
29/06/1994;F;Solteiro;479,6;569,1;523,2;684,8;Medio;2 a 3;Somente Privada
22/03/1997;M;Solteiro;367,6;457,4;512,8;457,9;Superior;4 a 5;Somente Publica
22/01/1995;F;Solteiro;462,2;488,4;478,3;331,3;Medio;2 a 3;Somente Publica
12/09/1983;F;Casado;413,1;522,3;355,9;516,3;Fundamental;2 a 3;Somente Publica
08/04/1996;F;Solteiro;438,7;602,1;453;467,1;Fundamental;1 ou menos;Somente Publica
14/09/1995;F;Solteiro;366,6;534,3;528,7;388,9;Fundamental;2 a 3;Somente Publica
07/04/1994;M;Solteiro;485,1;436,8;379,5;383,8;Fundamental;2 a 3;Somente Publica
20/04/1997;F;Casado;458,9;567,4;520,9;512,6;Medio;2 a 3;Somente Publica
08/05/1997;F;Solteiro;546,4;631,3;633,7;472,4;Medio;6 a 8;Somente Privada
24/12/1997;F;Solteiro;487;516,8;531,2;545,2;Medio;2 a 3;Somente Publica
14/05/1990;F;Solteiro;602;642,6;618,3;702,3;Medio;1 ou menos;Somente Publica
07/04/1995;M;Solteiro;634;688,7;585,5;767,7;Superior;9 ou mais;Somente Publica
27/09/1974;F;Casado;472,8;490,9;430,8;497,4;Fundamental;2 a 3;Somente Publica
28/02/1997;M;Solteiro;703,4;702,9;684,1;849,4;Medio;4 a 5;Publica/Privada
24/12/1994;F;Solteiro;450,8;404,9;472,1;494,4;Fundamental;2 a 3;Somente Publica
30/11/1997;M;Solteiro;474,2;501,5;493,8;628,8;Fundamental;2 a 3;Somente Publica
20/01/1975;F;Casado;522,1;611;516,8;375,6;Fundamental;6 a 8;Somente Publica
04/02/1989;M;Solteiro;530;586,7;569,9;423,9;Fundamental;2 a 3;Somente Publica
22/09/1972;M;Casado;484,3;616,1;365,9;483,5;Fundamental;4 a 5;Somente Publica
07/07/1997;M;Solteiro;572,4;671,7;546,3;707,5;Medio;6 a 8;Somente Privada
07/08/1996;F;Solteiro;405,5;537,5;363,2;595,6;Medio;2 a 3;Somente Publica
16/02/1997;M;Solteiro;629,4;605,3;598,1;774,1;Medio;6 a 8;Somente Privada
16/11/1996;M;Solteiro;559,2;601,3;533,3;633,4;Medio;4 a 5;Somente Publica
09/07/1994;M;Solteiro;393,7;623,6;612,2;412,4;Medio;4 a 5;Somente Publica
23/03/1981;M;Casado;672,6;685,5;562,8;572,7;Fundamental;4 a 5;Somente Publica
30/06/1996;F;Solteiro;444,2;494,4;478,3;330,3;Medio;6 a 8;Somente Publica
31/12/1993;M;Solteiro;599;588,1;525,2;664,3;Fundamental;2 a 3;Somente Publica
24/01/1997;M;Solteiro;517,3;553,9;520,6;448,1;Fundamental;2 a 3;Somente Publica
30/06/1992;F;Solteiro;573,1;520,7;547,7;433,3;Superior;6 a 8;Somente Privada
21/07/1997;M;Solteiro;624,1;756,6;679,4;737,2;Medio;6 a 8;Somente Privada
18/05/1997;F;Solteiro;392,8;422,5;495,3;406,3;Medio;2 a 3;Somente Publica
21/01/1961;F;Casado;504,9;533,8;399,2;420,5;Fundamental;2 a 3;Somente Publica
31/05/1996;M;Solteiro;602,9;660,9;597,3;721,2;Superior;9 ou mais;Somente Privada
05/09/1995;F;Solteiro;456;460,2;458,5;451,2;Medio;2 a 3;Somente Publica
23/11/1997;F;Solteiro;616,3;667,8;629,3;508,9;Superior;6 a 8;Somente Publica
23/11/1996;F;Solteiro;573,3;598;540,6;591,2;Medio;6 a 8;Somente Publica
29/05/1989;F;Solteiro;444,8;472,4;490,4;401,6;Fundamental;2 a 3;Somente Publica
09/07/1986;F;Solteiro;435,5;494,3;430,2;368,4;Fundamental;2 a 3;Somente Publica
13/08/1996;F;Solteiro;477,4;540,9;496,7;504,5;Fundamental;2 a 3;Somente Publica
17/12/1974;M;Casado;653,3;732,1;726,2;750,5;Medio;9 ou mais;Somente Privada
21/10/1982;F;Solteiro;400,5;566,2;458,8;332,4;Fundamental;1 ou menos;Somente Publica
04/04/1972;F;Casado;535,9;570,4;537,8;455,2;Fundamental;2 a 3;Somente Publica
12/05/1996;M;Solteiro;539,2;512,1;443,6;349,1;Medio;4 a 5;Somente Publica
04/10/1993;M;Casado;512,6;611,8;528,2;464,9;Medio;2 a 3;Somente Publica
18/06/1986;M;Solteiro;561,6;696,1;641;689,7;Fundamental;2 a 3;Somente Publica
17/12/1996;M;Solteiro;386,6;571,5;541,8;471,9;Medio;1 ou menos;Somente Publica
01/12/1993;F;Solteiro;512,8;585,9;530,2;423,8;Medio;2 a 3;Somente Publica
05/03/1991;M;Solteiro;581,8;564;540,3;418,4;Medio;6 a 8;Somente Privada
29/12/1974;M;Casado;543,8;639,1;596,3;518,4;Fundamental;2 a 3;Somente Publica
20/11/1984;M;Solteiro;589,9;633,4;569,5;633;Fundamental;2 a 3;Somente Publica
26/10/1975;F;Solteiro;570;650,6;534;474,8;Fundamental;2 a 3;Somente Publica
02/08/1994;M;Solteiro;590,9;626,9;599,6;650,2;Medio;6 a 8;Somente Publica
20/12/1991;M;Solteiro;654,9;695;584,3;775;Medio;9 ou mais;Publica/Privada
06/10/1997;F;Solteiro;466,6;602,2;499,1;511,5;Medio;6 a 8;Somente Publica
19/04/1995;M;Solteiro;513,1;569,7;566,4;587,6;Fundamental;6 a 8;Somente Publica
31/12/1993;M;Solteiro;533,1;625,7;603;602,9;Medio;2 a 3;Somente Publica
29/09/1995;F;Solteiro;506,6;596,7;581,4;496,2;Medio;2 a 3;Somente Privada
25/08/1996;F;Solteiro;585,8;686,1;667,9;583,4;Fundamental;2 a 3;Somente Publica
20/04/1997;F;Solteiro;363,8;490,9;502,9;462,9;Fundamental;4 a 5;Somente Publica
18/03/1996;M;Solteiro;444,2;494,2;425,3;367,9;Medio;2 a 3;Somente Publica
31-2-1991;M;Casado;478,5;532,3;498,6;318,1;Fundamental;1 ou menos;Somente Publica
16/03/1994;F;Solteiro;503,1;589,1;573,7;473;Medio;4 a 5;Somente Publica
04/05/1992;F;Divorciado;564,2;643,8;621,3;500,7;Fundamental;4 a 5;Somente Publica
03/06/1992;M;Solteiro;684,4;746,9;697,2;826,6;Medio;6 a 8;Somente Privada
23/06/1994;M;Solteiro;599,1;618,8;578,4;483,8;Fundamental;6 a 8;Somente Privada
30/01/1984;F;Casado;467,5;671,4;630,1;618,5;Fundamental;2 a 3;Somente Publica
16/02/1997;F;Solteiro;519,1;546,3;486,9;511,7;Fundamental;2 a 3;Somente Publica
23/11/1963;M;Divorciado;456,4;514,6;452,1;313,4;Fundamental;1 ou menos;Somente Privada
03/05/1997;M;Solteiro;693,8;694,2;594,2;706,3;Medio;9 ou mais;Somente Privada
05/02/1997;F;Solteiro;623,8;668,2;586,2;711,6;Fundamental;9 ou mais;Somente Privada
31/08/1995;M;Solteiro;433,7;537,9;357,3;436,4;Fundamental;2 a 3;Somente Publica
04/06/1994;F;Solteiro;461,5;533,9;519,4;429,3;Medio;2 a 3;Somente Privada
22/03/1982;M;Solteiro;498,8;547;554,6;388,5;Fundamental;2 a 3;Publica/Privada
27/08/1994;F;Solteiro;646,6;722;658,5;669,8;Superior;9 ou mais;Somente Privada
22/01/1996;F;Solteiro;648,3;602,1;590,2;754,9;Medio;6 a 8;Somente Privada
01/08/1979;M;Solteiro;557,3;611,4;595,5;415,8;Fundamental;1 ou menos;Somente Publica
25/04/1997;F;Solteiro;617,8;611,3;587,6;662,7;Medio;9 ou mais;Somente Privada
23/10/1989;M;Solteiro;518,1;549,8;491,5;344,6;Fundamental;4 a 5;Somente Publica
28/08/1989;M;Solteiro;517,7;647,4;503,6;449,9;Medio;2 a 3;Somente Publica
10/06/1964;F;Solteiro;402,3;451;409,9;426,8;Fundamental;4 a 5;Somente Privada
06/01/1996;M;Solteiro;444,4;560,4;595,4;607,3;Medio;2 a 3;Somente Publica
13/02/1995;M;Solteiro;499,4;622,8;598,2;690,1;Superior;6 a 8;Somente Privada
12/11/1989;M;Solteiro;667,2;671,3;586,1;721,1;Fundamental;2 a 3;Somente Publica
04/12/1997;F;Solteiro;398,7;492,9;504;380,5;Fundamental;2 a 3;Somente Privada
09/07/1997;M;Solteiro;603,5;686,3;581,4;705;Medio;4 a 5;Somente Publica
22/04/1995;M;Solteiro;429,1;552,2;421,4;460,4;Fundamental;1 ou menos;Somente Publica
18/07/1993;M;Solteiro;577;563,8;516,7;569,2;Fundamental;2 a 3;Somente Publica
23/09/1994;F;Solteiro;509;572,3;567,9;607,7;Superior;2 a 3;Somente Publica
04/07/1996;F;Solteiro;389,7;475,6;410,7;326,2;Fundamental;1 ou menos;Somente Publica
20/04/1980;M;Casado;489,1;625,6;616,8;390,4;Medio;2 a 3;Publica/Privada
09/08/1982;F;Solteiro;411;668,4;568,7;453,5;Fundamental;2 a 3;Somente Publica
29/03/1996;F;Solteiro;597,9;616,2;587,1;540,6;Fundamental;4 a 5;Somente Privada
30/01/1982;F;Casado;516,7;592,5;563,5;410,2;Fundamental;2 a 3;Somente Publica
25/12/1979;F;Solteiro;558,4;626,1;604,7;637,5;Fundamental;2 a 3;Somente Publica
25/09/1997;F;Solteiro;716,3;773,4;679,4;788,1;Medio;9 ou mais;Somente Privada
30/11/1993;M;Solteiro;650,3;692,1;625,3;586,2;Medio;6 a 8;Somente Privada
12/10/1973;M;Solteiro;508,8;642,5;567,3;473,1;Medio;2 a 3;Somente Privada
30/12/1996;F;Solteiro;493,9;587,1;543,7;550,3;Fundamental;2 a 3;Somente Privada
12/11/1990;M;Casado;512,5;506,1;456;413,1;Fundamental;2 a 3;Somente Publica
18/07/1981;M;Divorciado;551,3;589,1;479,6;649,1;Fundamental;2 a 3;Somente Publica
02/03/1996;F;Solteiro;544,5;611;533,3;390,1;Fundamental;4 a 5;Somente Publica
02/10/1987;M;Solteiro;498,1;566,7;492,4;553,6;Medio;4 a 5;Somente Publica
15/06/1994;F;Solteiro;460,4;517,4;343,1;520,9;Fundamental;2 a 3;Somente Publica
14/03/1977;F;Solteiro;482;622,3;583;365,3;Fundamental;1 ou menos;Somente Publica
28/06/1997;M;Solteiro;391,2;575,9;525,7;362,1;Medio;2 a 3;Somente Publica
05/08/1997;F;Solteiro;643,4;644;628,5;608,6;Medio;9 ou mais;Somente Publica
17/08/1993;M;Solteiro;544,4;504,4;465,6;571,2;Fundamental;6 a 8;Somente Publica
21/06/1997;M;Solteiro;453,7;579,5;537,7;570,7;Medio;2 a 3;Somente Publica
06/08/1997;F;Solteiro;475,3;629,2;572,8;436,7;Fundamental;4 a 5;Somente Privada
19/06/1969;M;Casado;523,3;559,2;490,7;412,5;Fundamental;2 a 3;Somente Publica
29/11/1992;M;Solteiro;630,1;603,1;568,2;696,7;Medio;2 a 3;Somente Publica
20/07/1987;M;Solteiro;406,1;609,4;566,1;416,2;Fundamental;6 a 8;Somente Publica
02/10/1996;F;Solteiro;489,4;573,9;548,8;468,8;Medio;6 a 8;Somente Publica
12/05/1988;M;Casado;411,8;565,9;488,4;513,7;Fundamental;1 ou menos;Somente Publica
24/11/1995;F;Solteiro;468,8;553,2;477,6;397;Fundamental;2 a 3;Publica/Privada
09/06/1964;M;Casado;467,3;614,9;520,2;366,2;Fundamental;2 a 3;Somente Publica
15/11/1993;M;Solteiro;475,9;517;473,8;523,4;Fundamental;4 a 5;Somente Publica
03/03/1982;M;Solteiro;489;586,2;538,7;510,2;Fundamental;2 a 3;Somente Publica
11/01/1990;F;Solteiro;465,3;619;591,9;465,4;Fundamental;2 a 3;Somente Publica
15/09/1997;M;Solteiro;493,1;608;570,6;516,7;Fundamental;1 ou menos;Somente Publica
17/10/1997;F;Solteiro;570,8;606,2;592,4;625;Medio;2 a 3;Publica/Privada
21/02/1995;M;Solteiro;727,1;712,4;643,5;795,4;Superior;6 a 8;Somente Privada
08/04/1987;F;Solteiro;511,1;556,2;525,8;410,3;Fundamental;2 a 3;Somente Publica
16/10/1990;F;Casado;429,4;538,4;474,9;478,7;Fundamental;2 a 3;Somente Publica
07/12/1979;M;Solteiro;565,8;710,2;637,9;349,3;Fundamental;6 a 8;Somente Privada
01/03/1996;F;Solteiro;501;553,8;382,2;558,3;Fundamental;6 a 8;Somente Privada
26/08/1992;F;Solteiro;479,3;575,3;585,4;472,8;Fundamental;4 a 5;Publica/Privada
22/04/1997;F;Solteiro;444,8;642,7;526,5;408,3;Fundamental;1 ou menos;Somente Publica
08/10/1997;M;Solteiro;615,3;693,9;611,7;796,1;Medio;6 a 8;Somente Privada
29/04/1996;M;Solteiro;434,2;447,6;396,6;425,8;Fundamental;2 a 3;Somente Publica
28/08/1996;F;Solteiro;465,8;503,9;498,7;434,9;Fundamental;6 a 8;Somente Publica
21/10/1997;M;Solteiro;647,9;650,3;590,1;504,3;Fundamental;2 a 3;Somente Publica
05/01/1991;F;Solteiro;485,3;556,6;577,4;593,5;Medio;6 a 8;Somente Publica
30/04/1993;M;Solteiro;372,7;520,7;388,3;392,3;Fundamental;2 a 3;Somente Publica
05/06/1995;M;Solteiro;780,3;771,3;697;892,6;Superior;9 ou mais;Somente Privada
28/02/1995;M;Solteiro;517,1;629,5;608,8;657,6;Fundamental;4 a 5;Somente Publica
10/08/1993;M;Solteiro;533,2;580,9;395,1;442,6;Fundamental;2 a 3;Somente Publica
28/07/1958;M;Casado;577,2;668,9;616,2;602,6;Medio;6 a 8;Somente Publica
18/04/1996;F;Solteiro;348,6;496,7;462,3;420;Medio;4 a 5;Somente Publica
20/08/1994;M;Solteiro;461,9;635,5;623,3;427,9;Medio;2 a 3;Somente Publica
17/07/1995;F;Solteiro;529,6;623,6;544,4;472,6;Fundamental;4 a 5;Somente Publica
06/11/1994;F;Solteiro;526,2;604,9;531,9;477,8;Fundamental;2 a 3;Somente Publica
22/12/1994;F;Solteiro;638;682,6;660,3;560,8;Medio;6 a 8;Somente Privada
12/03/1995;M;Solteiro;465,5;520,5;492,2;390;Medio;2 a 3;Somente Publica
08/04/1983;F;Solteiro;493,6;592;583;444,1;Fundamental;2 a 3;Somente Publica
26/07/1995;F;Solteiro;449,3;581;578,9;449,1;Fundamental;4 a 5;Somente Publica
02/08/1997;M;Solteiro;469,1;526,4;527,1;477,8;Medio;4 a 5;Somente Publica
10/04/1996;F;Solteiro;470,5;603,6;565,7;415,7;Fundamental;4 a 5;Somente Publica
27/10/1997;M;Solteiro;494,5;585,5;488,9;421,2;Medio;2 a 3;Somente Privada
07/02/1986;F;Casado;521,9;555;406,8;420,7;Fundamental;4 a 5;Somente Publica
28/04/1996;F;Solteiro;450,1;522,7;450,3;384,7;Fundamental;2 a 3;Somente Publica
31/08/1997;F;Solteiro;652,3;655,1;573;622,3;Medio;6 a 8;Somente Privada
11/02/1992;M;Casado;505,9;531,2;491,7;541,9;Fundamental;2 a 3;Somente Publica
19/08/1994;F;Solteiro;518,5;567,3;430,5;577,4;Fundamental;9 ou mais;Publica/Privada
10/02/1995;M;Solteiro;546,3;532,2;404,3;406,7;Medio;2 a 3;Somente Publica
09/11/1997;F;Solteiro;566;588,3;588,9;630,6;Fundamental;2 a 3;Somente Publica
13/08/1989;M;Solteiro;632,1;682,2;595,3;618,6;Medio;2 a 3;Somente Publica
19/06/1997;F;Solteiro;437,6;506,3;523,7;500,2;Fundamental;2 a 3;Somente Publica
16/09/1994;F;Solteiro;519,6;608;528,1;651,8;Medio;2 a 3;Somente Publica
06/12/1993;F;Solteiro;548,7;694,2;645,3;490,6;Superior;6 a 8;Somente Privada
08/06/1993;F;Solteiro;444,8;606,7;555,8;452,4;Superior;2 a 3;Somente Publica
21/03/1994;F;Solteiro;413,7;484,3;464,1;364,1;Medio;2 a 3;Somente Publica
26/03/1982;F;Casado;429,5;574,7;505,4;327,9;Medio;4 a 5;Somente Publica
14/04/1995;F;Solteiro;508,7;468,3;467,7;424,3;Fundamental;2 a 3;Somente Publica
30/12/1990;M;Solteiro;531,4;618,6;553,8;432,3;Medio;2 a 3;Somente Publica
07/07/1997;M;Solteiro;525,9;637;579,1;675,5;Medio;6 a 8;Somente Publica
10/02/1996;M;Solteiro;444,4;572;513,9;346;Fundamental;2 a 3;Somente Publica
16/06/1994;F;Solteiro;455,3;604,9;598,9;551;Medio;6 a 8;Somente Publica
04/07/1997;M;Solteiro;449,1;443,5;446;371,1;Fundamental;2 a 3;Somente Publica
10/12/1997;F;Solteiro;464,1;606,5;521,2;429,5;Medio;4 a 5;Somente Publica
27/11/1976;M;Casado;562,5;617,4;511;502,7;Fundamental;6 a 8;Somente Publica
29/07/1981;F;Solteiro;488,2;572,1;464,6;431,2;Fundamental;2 a 3;Somente Publica
23/10/1994;M;Solteiro;621,5;722,5;659,6;839,5;Medio;9 ou mais;Somente Privada
17/11/1983;F;Solteiro;483;597,5;446,7;437,4;Fundamental;2 a 3;Somente Publica
26/04/1982;M;Casado;512,7;681,7;588,6;563;Medio;4 a 5;Somente Publica
02/07/1997;M;Solteiro;578,8;561,3;572,8;687,3;Medio;6 a 8;Somente Publica
09/11/1982;M;Casado;523,3;633,6;494,8;444,2;Fundamental;2 a 3;Somente Publica
18/09/1997;F;Solteiro;727,8;724,8;636,3;830,1;Medio;2 a 3;Somente Privada
07/07/1995;F;Solteiro;641,8;685,5;618,9;660,7;Medio;9 ou mais;Somente Privada
15/07/1994;M;Solteiro;451,6;479,3;406,9;380,1;Fundamental;1 ou menos;Somente Publica
29/09/1996;M;Solteiro;556,5;523,7;498,5;447,2;Fundamental;4 a 5;Somente Publica
17/09/1976;F;Casado;455,4;635,4;423,3;499,3;Fundamental;2 a 3;Somente Publica
28/12/1995;F;Solteiro;488;544,9;556,7;430,9;Medio;2 a 3;Somente Publica
11/08/1968;M;Casado;488,7;686,5;586,3;619,9;Fundamental;2 a 3;Somente Publica
07/12/1997;F;Solteiro;629;604,4;538,7;539;Medio;2 a 3;Somente Publica
08/04/1994;M;Casado;591,5;691,9;608,5;742;Fundamental;2 a 3;Somente Publica
28/02/1990;M;Solteiro;515,3;591,2;552,6;349,8;Fundamental;2 a 3;Somente Publica
30/06/1994;F;Solteiro;440,7;398,7;445,9;360,5;Medio;4 a 5;Somente Publica
05/08/1979;M;Casado;518,8;598,6;583,5;362,4;Fundamental;4 a 5;Somente Publica
13/12/1975;F;Casado;535,5;615,6;523,4;439,3;Fundamental;2 a 3;Somente Publica
22/02/1990;M;Solteiro;429;573,4;578,6;493,3;Fundamental;4 a 5;Somente Publica
01/01/1992;M;Solteiro;594;722,1;657,7;710,7;Superior;6 a 8;Somente Privada
25/06/1995;M;Solteiro;508,7;554,4;472,2;458,6;Medio;2 a 3;Somente Publica
29/08/1977;F;Divorciado;477,1;525,2;472,7;368,4;Fundamental;2 a 3;Somente Publica
06/11/1994;M;Solteiro;526,1;586,2;506,6;504,3;Fundamental;2 a 3;Somente Publica
21/01/1995;M;Solteiro;499,8;573,9;537,8;461,5;Medio;2 a 3;Somente Publica
16/06/1995;M;Solteiro;456;601,9;578,3;581,9;Medio;6 a 8;Somente Privada
02/04/1995;F;Solteiro;581,1;674,1;613,5;691,9;Fundamental;6 a 8;Somente Publica
04/07/1988;F;Solteiro;451,5;601,6;545,7;560,3;Fundamental;2 a 3;Somente Publica
05/02/1994;M;Solteiro;581,9;601,3;655,5;632,9;Fundamental;2 a 3;Somente Publica
02/03/1993;F;Solteiro;432,9;604,8;592,3;536,9;Medio;9 ou mais;Somente Publica
28/11/1994;F;Solteiro;684,7;775,9;663,6;905,5;Superior;6 a 8;Somente Privada
03/02/1997;M;Solteiro;608,9;642,4;604,9;877,9;Medio;6 a 8;Somente Publica
19/10/1969;F;Casado;365,7;433,6;386,8;329,3;Fundamental;2 a 3;Somente Publica
26/11/1997;M;Solteiro;623;619,7;558,2;697,9;Medio;9 ou mais;Somente Privada
26/03/1995;M;Solteiro;546,5;651;650,2;629,1;Medio;2 a 3;Somente Publica
27/04/1995;F;Solteiro;599,8;605,3;568,7;589,6;Superior;6 a 8;Somente Publica
12/04/1993;M;Solteiro;483,4;489,6;535,2;357;Medio;2 a 3;Somente Publica
10/12/1996;M;Solteiro;538,1;478,7;464,1;502,8;Fundamental;2 a 3;Somente Publica
18/04/1995;M;Solteiro;398,8;457,5;349;473,4;Medio;4 a 5;Somente Publica
06/10/1996;F;Solteiro;441;603,5;517,8;479,1;Fundamental;4 a 5;Somente Publica
07/04/1997;M;Solteiro;504,6;541,2;479,8;432,3;Fundamental;2 a 3;Somente Publica
02/07/1996;F;Solteiro;627,8;680,2;644,1;634,1;Medio;9 ou mais;Somente Publica
21/11/1992;M;Solteiro;532;591,8;514,3;461,8;Medio;4 a 5;Publica/Privada
27/03/1996;F;Solteiro;455,9;591,5;517,1;347;Fundamental;2 a 3;Somente Publica
11/04/1990;M;Solteiro;457,5;441,8;350,7;388,8;Medio;2 a 3;Somente Publica
25/05/1992;M;Solteiro;513,1;617,3;568,6;645,2;Medio;4 a 5;Somente Publica
30/09/1997;M;Solteiro;580;594,5;504,3;585,3;Medio;6 a 8;Somente Privada
30/04/1978;M;Solteiro;526,9;646,2;640,8;636,3;Medio;2 a 3;Somente Publica
21/01/1996;F;Solteiro;444,2;639,4;577,8;543,6;Fundamental;2 a 3;Somente Publica
03/04/1995;F;Solteiro;505,4;498,1;543;562,5;Medio;2 a 3;Somente Publica
10/04/1994;M;Solteiro;485,4;665,8;587,4;713,8;Fundamental;2 a 3;Somente Publica
31/07/1997;F;Solteiro;524,1;594,4;542,9;535,9;Fundamental;4 a 5;Somente Publica
02/05/1996;F;Solteiro;601,1;668,1;645,6;703,5;Medio;9 ou mais;Somente Privada
12/03/1995;F;Solteiro;428,9;418,6;418,2;398,3;Fundamental;2 a 3;Somente Publica
16/03/1997;F;Solteiro;619,2;638,6;629;773,7;Medio;9 ou mais;Somente Privada
01/01/1995;F;Solteiro;432,7;551,3;463,2;451,2;Fundamental;2 a 3;Somente Publica
17/02/1991;F;Solteiro;389;584,9;421,7;437,9;Fundamental;2 a 3;Somente Publica
04/11/1994;M;Solteiro;744,1;722,5;735,3;790;Superior;6 a 8;Somente Publica
09/11/1995;M;Solteiro;514,5;576,8;530,8;440,5;Fundamental;6 a 8;Somente Publica
05/09/1996;F;Solteiro;551,7;649,9;622,5;613,6;Medio;4 a 5;Somente Privada
19/06/1990;F;Solteiro;381,5;460,7;431,1;430,1;Medio;2 a 3;Somente Publica
29/05/1994;M;Solteiro;385;466,6;477,1;396,4;Fundamental;2 a 3;Somente Publica
12/05/1988;F;Solteiro;578,5;636,9;605,8;526;Medio;1 ou menos;Somente Publica
31/08/1996;F;Solteiro;629,8;653,2;630,4;821,9;Superior;9 ou mais;Somente Privada
10/01/1996;M;Solteiro;558,1;410,6;344,6;631,9;Fundamental;6 a 8;Somente Publica
26/04/1995;M;Solteiro;471,9;605,1;475,1;403,6;Medio;2 a 3;Somente Publica
18/11/1994;F;Solteiro;478,3;538,7;521,4;494,9;Fundamental;2 a 3;Somente Publica
12/08/1995;M;Solteiro;586,1;623,7;625,4;629,4;Fundamental;6 a 8;Somente Publica
29/04/1990;M;Solteiro;537,6;638,4;569,9;567,3;Medio;4 a 5;Somente Publica
27/02/1992;F;Solteiro;411,6;598,5;571,7;365,6;Medio;2 a 3;Somente Publica
03/09/1989;F;Solteiro;665;664;581,2;614,1;Superior;6 a 8;Publica/Privada
12/07/1996;F;Solteiro;632,8;617,4;594,2;658;Medio;6 a 8;Somente Privada
09/04/1996;F;Solteiro;435,9;608,5;564,1;549,9;Fundamental;1 ou menos;Somente Publica
28/04/1992;M;Solteiro;489;407,5;410,2;359,6;Fundamental;2 a 3;Somente Publica
08/10/1997;M;Solteiro;489,8;536,4;526,2;440;Fundamental;2 a 3;Somente Publica
24/10/1996;M;Solteiro;447,8;555,8;528,2;407,1;Fundamental;2 a 3;Somente Publica
22/05/1997;F;Solteiro;541,6;645;553,4;533,2;Fundamental;2 a 3;Somente Publica
02/09/1996;M;Solteiro;498,1;543,8;513,7;332,5;Medio;2 a 3;Somente Publica
08/05/1995;F;Solteiro;511,8;616,3;569,7;644,4;Medio;2 a 3;Somente Publica
27/10/1996;F;Solteiro;576,5;615,7;616,9;549;Medio;9 ou mais;Somente Privada
30/09/1996;F;Solteiro;643,5;670,5;613,2;708,3;Medio;6 a 8;Somente Publica
07/01/1996;F;Casado;524,4;527;376,8;413,1;Fundamental;1 ou menos;Somente Publica
07/02/1989;M;Solteiro;467,1;589,3;524,2;352,4;Fundamental;2 a 3;Somente Publica
01/06/1990;M;Solteiro;561,9;605,6;508,6;381,1;Fundamental;2 a 3;Somente Publica
14/01/1996;F;Solteiro;550,3;593,9;610,8;466,2;Medio;6 a 8;Somente Publica
17/05/1985;M;Solteiro;502,5;588;548,8;594,2;Fundamental;2 a 3;Somente Publica
04/04/1994;F;Solteiro;399;470,8;445,7;358,5;Fundamental;2 a 3;Somente Publica
26/01/1997;M;Solteiro;527,7;579,4;538,6;705,8;Medio;6 a 8;Somente Publica
09/06/1992;M;Solteiro;485,7;603,2;547,9;525,7;Fundamental;2 a 3;Somente Publica
23/03/1995;F;Solteiro;536,4;597,8;569,9;411,5;Medio;6 a 8;Publica/Privada
29/05/1996;F;Solteiro;600,2;647,1;590,7;692,9;Superior;9 ou mais;Somente Publica
05/09/1996;F;Solteiro;666,3;647;657,2;848,9;Medio;2 a 3;Somente Privada
24/11/1997;F;Solteiro;626;762,4;661,1;435,9;Medio;2 a 3;Somente Privada
24/03/1992;M;Solteiro;398,9;480,2;534,5;435,3;Fundamental;2 a 3;Somente Publica
02/06/1995;F;Solteiro;630,8;695,5;654,5;645,2;Superior;9 ou mais;Somente Privada
12/02/1993;M;Solteiro;490;579;505,4;660,9;Medio;2 a 3;Somente Publica
30/06/1997;F;Solteiro;487,7;470,8;496,1;441,8;Medio;2 a 3;Somente Publica
09/04/1989;M;Solteiro;507,2;574,4;528,7;391;Fundamental;4 a 5;Somente Publica
14/04/1985;M;Solteiro;564;643,7;445,7;646,1;Superior;2 a 3;Somente Publica
06/04/1994;F;Solteiro;428,1;527,4;461,8;346,8;Fundamental;1 ou menos;Somente Publica
09/09/1994;F;Solteiro;390,1;356,4;414;360,8;Fundamental;2 a 3;Somente Publica
13/09/1996;M;Solteiro;403,1;574,2;534,3;426,3;Medio;4 a 5;Somente Publica
07/12/1996;F;Solteiro;531,7;602;532,9;373,1;Fundamental;2 a 3;Somente Publica
24/09/1997;F;Solteiro;501,7;587;635,6;467,9;Fundamental;2 a 3;Somente Publica
28/10/1980;M;Casado;521,3;622,4;589,4;520,7;Fundamental;2 a 3;Somente Publica
18/11/1989;F;Solteiro;369,9;564,4;550,6;351,3;Fundamental;2 a 3;Somente Publica
20/02/1970;F;Casado;471;466,7;502,5;314,8;Fundamental;2 a 3;Somente Privada
09/11/1997;M;Solteiro;400,6;597,7;553,7;541,5;Superior;9 ou mais;Somente Privada
14/10/1995;F;Solteiro;448,4;503,5;445,7;496,7;Fundamental;2 a 3;Somente Publica
10/12/1997;F;Solteiro;695,6;686,5;612,8;780,2;Fundamental;6 a 8;Somente Privada
11/05/1997;F;Solteiro;499;584,6;469,2;376,2;Fundamental;2 a 3;Somente Publica
20/10/1988;M;Solteiro;510,9;563,9;495,6;376,3;Medio;2 a 3;Somente Publica
05/02/1976;F;Solteiro;508,1;582,6;520,3;486;Fundamental;2 a 3;Somente Publica
26/12/1996;M;Solteiro;551,1;584,4;596,3;430,1;Fundamental;4 a 5;Somente Publica
10/05/1997;M;Solteiro;649,2;633,3;523,2;730,9;Medio;2 a 3;Somente Publica
21/06/1997;M;Solteiro;633,2;683,1;652,3;783,3;Medio;6 a 8;Somente Privada
30/01/1995;F;Solteiro;446,1;534,5;516,5;442,6;Fundamental;2 a 3;Somente Publica
09/10/1991;F;Solteiro;413;484,7;430,1;409,6;Medio;4 a 5;Somente Publica
03/12/1993;M;Solteiro;445,6;540,8;501,5;336,7;Fundamental;2 a 3;Somente Publica
21/03/1997;F;Solteiro;518,2;629;586,4;682,7;Medio;9 ou mais;Somente Publica
26/04/1996;M;Solteiro;388,7;626,9;606,7;631,2;Medio;4 a 5;Somente Publica
12/09/1989;M;Solteiro;488,5;544,8;447,5;413,1;Fundamental;2 a 3;Somente Publica
17/11/1987;F;Solteiro;496;652,6;597,2;503,6;Fundamental;4 a 5;Somente Publica
10/08/1995;F;Solteiro;458,2;573,7;534,5;373,1;Medio;2 a 3;Somente Publica
13/10/1996;M;Solteiro;427,4;562;457;607,3;Medio;6 a 8;Publica/Privada
15/12/1991;M;Solteiro;504,3;641,4;566,9;605;Medio;2 a 3;Somente Publica
19/02/1961;M;Solteiro;427,9;629,7;560,2;399,4;Fundamental;6 a 8;Somente Publica
10/11/1997;F;Solteiro;674,6;689;640,7;881,8;Medio;6 a 8;Somente Privada
28/08/1987;F;Casado;487,9;605,1;507,8;412,7;Fundamental;2 a 3;Somente Publica
17/07/1994;M;Solteiro;746,9;740,9;702,8;795,1;Fundamental;4 a 5;Somente Publica
04/04/1968;M;Casado;474,6;638,2;557,5;445,2;Fundamental;4 a 5;Somente Publica
18/07/1995;M;Solteiro;588,9;640,1;554,6;613,2;Medio;4 a 5;Somente Publica
16/11/1994;F;Solteiro;514,2;510,7;494,8;358,5;Fundamental;4 a 5;Somente Publica
28/04/1997;M;Solteiro;454,8;575,5;544,3;410,7;Medio;4 a 5;Somente Publica
26/12/1989;M;Solteiro;525,6;616,4;535,9;445,4;Medio;2 a 3;Somente Publica
17/10/1991;M;Solteiro;583,5;622,6;466,4;480;Medio;2 a 3;Somente Publica
21/05/1993;F;Solteiro;635,3;642,2;590;584,3;Superior;2 a 3;Somente Publica
26/03/1984;F;Casado;386,1;555,4;374,1;342,9;Fundamental;2 a 3;Somente Publica
16/11/1985;F;Solteiro;510,6;595,4;563,4;406,6;Fundamental;2 a 3;Somente Publica
16/04/1996;F;Solteiro;656,7;658,6;624,2;735,3;Medio;2 a 3;Somente Privada
09/08/1997;F;Solteiro;479;628,7;532,4;398,2;Fundamental;2 a 3;Somente Publica
21/07/1992;F;Solteiro;385,7;552,9;502,2;450,5;Fundamental;2 a 3;Somente Publica
02/12/1991;M;Solteiro;385,6;516,4;321,8;315,6;Fundamental;4 a 5;Somente Publica
25/05/1995;F;Solteiro;510,3;607,8;611;375,8;Medio;4 a 5;Somente Publica
28/10/1977;F;Divorciado;481;525,8;445,5;369,4;Fundamental;2 a 3;Somente Publica
25/03/1997;F;Solteiro;439,7;545,7;437,2;401,9;Fundamental;2 a 3;Somente Publica
20/10/1993;M;Solteiro;553,7;534,9;520,4;432,9;Fundamental;2 a 3;Somente Publica
04/03/1980;M;Solteiro;490;583,7;582;506,9;Fundamental;4 a 5;Somente Publica
18/03/1996;M;Solteiro;484,7;589,9;546,7;630,1;Medio;2 a 3;Somente Privada
28/07/1994;F;Solteiro;515;611;598,7;549,8;Medio;2 a 3;Publica/Privada
30/04/1981;M;Casado;563,6;603,7;550;650;Medio;6 a 8;Somente Publica
02/05/1990;F;Solteiro;457,9;467,6;508,4;438,6;Fundamental;4 a 5;Somente Publica
13/05/1984;M;Solteiro;477,8;618,7;525,1;420,6;Fundamental;2 a 3;Somente Publica
08/02/1994;M;Solteiro;556,4;622,9;584,3;518,9;Fundamental;2 a 3;Somente Publica
14/08/1996;F;Solteiro;391,3;561,1;548,3;420,5;Fundamental;4 a 5;Somente Publica
28/03/1991;M;Solteiro;492,8;540,6;461,4;600,5;Fundamental;4 a 5;Somente Publica
29/01/1995;M;Solteiro;464,1;584,8;462,8;321,2;Fundamental;1 ou menos;Somente Publica
17/03/1993;M;Casado;594,7;626,9;570,2;661,5;Medio;2 a 3;Somente Publica
12/11/1977;F;Casado;444,6;547,5;433,7;515,3;Fundamental;4 a 5;Somente Publica
30/08/1992;M;Solteiro;390,4;658,1;500;406,3;Fundamental;2 a 3;Somente Publica
05/01/1980;M;Casado;438,6;528,6;469,9;334,4;Fundamental;4 a 5;Somente Publica
10/12/1993;F;Solteiro;485,3;552,4;505,1;473,5;Fundamental;2 a 3;Somente Publica
20/01/1988;F;Casado;472,3;603,4;542,3;417;Fundamental;4 a 5;Somente Publica
19/12/1994;F;Solteiro;411,3;577,1;577,4;503,8;Medio;6 a 8;Somente Publica
18/05/1992;F;Solteiro;436,5;563,3;490,5;477,5;Medio;2 a 3;Somente Publica
09/12/1997;M;Solteiro;522,6;492,3;350;600,5;Fundamental;4 a 5;Somente Publica
29/06/1977;F;Casado;453,5;547,6;533,6;376,3;Fundamental;2 a 3;Somente Publica
21/06/1995;F;Solteiro;416,7;436,6;520,9;366,9;Medio;2 a 3;Somente Publica
07/10/1996;F;Solteiro;625,3;654,6;546,6;649;Superior;6 a 8;Somente Privada
09/05/1983;F;Solteiro;512,1;546,8;513,8;400,3;Medio;2 a 3;Somente Publica
24/04/1964;M;Casado;684,9;720,6;639,3;703,6;Medio;9 ou mais;Somente Publica
26/05/1992;F;Solteiro;536,8;606,3;600,5;572,4;Fundamental;2 a 3;Somente Publica
14/07/1990;M;Solteiro;687,4;719,8;643,6;753,8;Medio;9 ou mais;Somente Privada
04/03/1991;F;Solteiro;488,2;622,4;601,7;527,6;Medio;4 a 5;Somente Publica
12/06/1990;F;Solteiro;481,9;536;539,4;494;Fundamental;2 a 3;Somente Publica
07/04/1997;F;Solteiro;702,5;740;624,3;747,8;Medio;9 ou mais;Somente Privada
07/01/1983;F;Solteiro;454,4;519;486;411,2;Fundamental;1 ou menos;Somente Publica
06/12/1991;F;Casado;555,3;620,8;604,1;523,6;Medio;2 a 3;Somente Publica
24/01/1994;M;Solteiro;452,2;582,6;499,5;671,1;Fundamental;4 a 5;Somente Publica
16/04/1994;F;Solteiro;400,7;592,5;463,5;323;Medio;2 a 3;Publica/Privada
19/02/1995;F;Solteiro;455,4;475,3;448,7;351,7;Medio;6 a 8;Somente Publica
31/05/1978;M;Solteiro;379;597,6;509,4;456,2;Medio;2 a 3;Somente Publica
16/03/1990;F;Solteiro;449,8;500,5;449,1;381,1;Fundamental;2 a 3;Somente Publica
27/10/1995;F;Solteiro;412,7;586,5;517;412,2;Medio;1 ou menos;Publica/Privada
29/12/1989;M;Solteiro;522,1;622,5;478,2;458,6;Fundamental;4 a 5;Somente Publica
28/02/1995;F;Solteiro;625,6;714,1;668,6;667;Medio;9 ou mais;Somente Privada
12/08/1993;F;Solteiro;483,8;538,6;545,9;404,1;Fundamental;2 a 3;Somente Publica
25/07/1977;F;Solteiro;476,9;575,7;458,7;503,6;Fundamental;2 a 3;Somente Publica
02/02/1993;F;Solteiro;580,5;629,6;543,2;451,7;Medio;4 a 5;Somente Privada
03/08/1997;M;Solteiro;556,8;622,1;566,5;630,7;Fundamental;2 a 3;Somente Publica
11/05/1995;M;Solteiro;499,2;602,9;582,3;482,1;Medio;4 a 5;Somente Privada
03/11/1996;M;Solteiro;410,1;515,5;446,7;502,6;Fundamental;2 a 3;Somente Publica
22/09/1989;F;Solteiro;528;570,4;543;380,9;Medio;2 a 3;Somente Publica
21/11/1991;F;Solteiro;654,8;660;646,3;738;Medio;6 a 8;Somente Publica
21/06/1997;M;Solteiro;623,6;614,2;487,5;603,5;Medio;6 a 8;Publica/Privada
29/09/1995;M;Solteiro;640,8;685,9;624,3;675,3;Medio;9 ou mais;Somente Privada
27/07/1995;F;Solteiro;536,6;559,8;549,5;466,3;Medio;2 a 3;Somente Publica
23/10/1996;F;Casado;421,8;464,5;470,8;463;Fundamental;2 a 3;Somente Publica
09/03/1997;F;Solteiro;446,2;567,4;473,5;380,6;Medio;2 a 3;Somente Publica
14/12/1996;F;Solteiro;615,3;666;598,1;680,6;Medio;6 a 8;Somente Privada
09/08/1996;F;Solteiro;456,9;479,5;559,1;394,1;Medio;6 a 8;Somente Privada
28/10/1996;F;Solteiro;579,4;633,8;595,9;642,8;Medio;4 a 5;Somente Privada
22/03/1997;F;Solteiro;446,2;556,2;525,4;378;Medio;4 a 5;Somente Publica
20/08/1996;F;Solteiro;520;647,3;591;553,7;Medio;6 a 8;Somente Publica
26/07/1996;M;Solteiro;567,6;637,8;643,5;436,5;Fundamental;2 a 3;Somente Publica
19/05/1996;F;Solteiro;497,9;616;580;450,8;Fundamental;2 a 3;Somente Publica
13/10/1995;M;Solteiro;366;400,9;378,3;396,7;Medio;2 a 3;Somente Publica
30/06/1987;F;Solteiro;496,5;548,2;474,1;432,8;Fundamental;1 ou menos;Somente Publica
14/04/1996;F;Solteiro;494,9;574,4;573,1;463,7;Fundamental;2 a 3;Somente Publica
09/10/1996;F;Solteiro;439,2;641,7;607,7;510,9;Medio;4 a 5;Somente Publica
24/08/1997;F;Solteiro;724,7;732,6;651,4;815,2;Superior;9 ou mais;Somente Privada
13/09/1979;F;Solteiro;466,5;566,9;438,8;374,6;Fundamental;2 a 3;Somente Publica
18/02/1997;M;Solteiro;756;719,8;603,3;823,6;Medio;9 ou mais;Somente Privada
03/02/1996;F;Solteiro;651,9;642,6;590,5;609,4;Medio;6 a 8;Somente Publica
11/08/1994;M;Solteiro;637,9;678,2;681,7;392;Fundamental;6 a 8;Somente Publica
05/10/1987;M;Solteiro;499;595,4;502,7;429,4;Medio;6 a 8;Somente Publica
10/07/1994;M;Solteiro;525;694,2;570,6;609,4;Medio;2 a 3;Somente Publica
02/07/1997;M;Solteiro;584,9;666,9;607,1;635,1;Fundamental;4 a 5;Somente Publica
24/03/1990;M;Solteiro;504,9;685,2;563,1;539,6;Medio;2 a 3;Somente Publica
15/04/1990;M;Solteiro;455,8;619;475,5;409,2;Medio;4 a 5;Somente Publica
10/11/1988;M;Solteiro;549,1;635,4;610,5;713;Fundamental;2 a 3;Somente Publica
19/10/1995;F;Solteiro;665,6;671,9;614,5;751,3;Medio;2 a 3;Somente Privada
23/01/1995;M;Solteiro;540,5;578,4;593,3;443,7;Medio;2 a 3;Somente Publica
06/09/1987;M;Casado;473,1;576,3;511;379,4;Medio;4 a 5;Somente Publica
10/05/1996;F;Solteiro;467,3;518,9;538;448,6;Medio;1 ou menos;Somente Publica
17/10/1995;M;Solteiro;483,5;611,5;569,6;493,7;Medio;4 a 5;Publica/Privada
05/11/1978;M;Casado;501,9;569,2;478,3;581,8;Fundamental;4 a 5;Somente Publica
06/11/1996;F;Solteiro;585,1;603,3;572,6;598,2;Medio;2 a 3;Somente Publica
18/06/1981;F;Solteiro;588,8;639,5;587,7;333,3;Fundamental;1 ou menos;Somente Publica
07/09/1997;F;Solteiro;709,9;695,4;757,4;802,5;Medio;9 ou mais;Somente Privada
19/12/1991;M;Casado;506,6;622,5;529,9;436,2;Fundamental;2 a 3;Somente Publica
30/08/1989;M;Solteiro;462,5;560,5;461;399,4;Fundamental;2 a 3;Somente Publica
26/10/1991;M;Solteiro;704,8;707,2;672,3;657,1;Medio;2 a 3;Somente Publica
08/07/1980;F;Divorciado;471,9;522;480;316,5;Fundamental;2 a 3;Somente Publica
13/03/1989;F;Casado;477,8;547,7;495,3;382,6;Medio;2 a 3;Somente Publica
31-2-1973;M;Solteiro;461,2;517,9;427,7;347,4;Fundamental;2 a 3;Somente Publica
22/01/1997;F;Solteiro;574,7;676,7;625,1;636,2;Medio;4 a 5;Publica/Privada
24/07/1997;F;Solteiro;496,6;627,3;565,1;539,3;Fundamental;6 a 8;Somente Publica
01/08/1990;M;Solteiro;429,8;635,8;551,5;318,9;Fundamental;2 a 3;Publica/Privada
18/09/1966;F;Divorciado;389,6;417,9;473,5;466,4;Fundamental;2 a 3;Somente Publica
31/05/1995;M;Solteiro;564;660,4;633,8;734,1;Medio;2 a 3;Somente Publica
01/10/1993;F;Solteiro;563,4;649;575;567,3;Fundamental;6 a 8;Somente Publica
04/09/1982;M;Solteiro;556,7;569;496,3;461,3;Fundamental;6 a 8;Somente Publica
03/07/1979;F;Solteiro;371;532;472,1;367,2;Fundamental;2 a 3;Somente Publica
24/05/1997;F;Solteiro;419;582,2;568,5;394,6;Medio;4 a 5;Somente Publica
07/10/1971;F;Solteiro;398,8;553,1;502,1;580,6;Fundamental;2 a 3;Somente Publica
14/07/1988;M;Solteiro;607,8;597,5;569,2;691,2;Medio;9 ou mais;Publica/Privada
14/11/1978;M;Casado;503,2;628,4;574,7;688,4;Fundamental;6 a 8;Somente Publica
02/02/1988;F;Solteiro;531,6;625,3;581,3;565,2;Medio;2 a 3;Somente Publica
30/11/1975;F;Casado;457,7;432;447,7;356,5;Fundamental;2 a 3;Somente Publica
20/09/1994;F;Casado;422,2;482,7;570,1;535,2;Fundamental;2 a 3;Somente Publica
17/10/1989;M;Solteiro;539,1;627,5;625,8;687,4;Medio;6 a 8;Somente Publica
06/06/1996;M;Solteiro;444,4;521,4;533,1;525,5;Fundamental;2 a 3;Somente Publica
13/10/1995;F;Solteiro;484,4;602,7;547,7;510,1;Medio;4 a 5;Somente Publica
28/02/1995;M;Solteiro;516,2;499,8;456,6;603,4;Fundamental;6 a 8;Somente Privada
15/03/1994;M;Solteiro;526,6;622,4;443,7;491,2;Medio;6 a 8;Somente Publica
03/10/1991;F;Solteiro;511,9;546,4;513,9;447;Fundamental;2 a 3;Somente Publica
27/10/1997;M;Solteiro;691,7;689,9;657,7;749,5;Medio;6 a 8;Somente Privada
20/04/1992;F;Solteiro;522,9;665,5;601;519,4;Fundamental;1 ou menos;Somente Publica
03/11/1982;F;Solteiro;548,5;640,2;606,3;418,6;Medio;2 a 3;Somente Publica
24/03/1996;F;Solteiro;506,3;554,1;498;619,6;Medio;2 a 3;Somente Privada
27/11/1993;M;Solteiro;476,8;540,7;533,8;403,6;Fundamental;2 a 3;Somente Publica
22/09/1989;F;Solteiro;676,6;754,2;632,4;659,8;Medio;6 a 8;Somente Privada
27/09/1997;F;Solteiro;486,4;509,6;447,5;347;Fundamental;1 ou menos;Somente Publica
22/07/1996;M;Solteiro;654,7;692,9;608,2;651,3;Fundamental;2 a 3;Somente Publica
28/02/1989;M;Solteiro;638,7;655,9;632,5;761,1;Medio;4 a 5;Somente Privada
27/06/1990;M;Casado;556,2;611,2;613,6;546,4;Medio;2 a 3;Somente Publica
31/10/1995;M;Solteiro;573;659,7;582,1;689,5;Fundamental;6 a 8;Somente Publica
19/04/1997;M;Solteiro;642,2;676,8;602,6;684,3;Superior;9 ou mais;Somente Privada
22/02/1994;F;Solteiro;446,1;461,1;449,6;485,2;Fundamental;2 a 3;Publica/Privada
17/01/1995;M;Solteiro;470,6;588,8;448,9;419;Fundamental;2 a 3;Somente Publica
20/10/1992;F;Solteiro;555,6;574,8;587,6;356;Fundamental;2 a 3;Somente Publica
21/06/1997;F;Solteiro;456,4;541,1;570,7;337,2;Medio;2 a 3;Somente Publica
04/10/1976;F;Solteiro;393,9;450;456,7;377,1;Fundamental;2 a 3;Somente Publica
27/10/1996;F;Solteiro;568,7;680,8;621,8;422,5;Medio;2 a 3;Somente Publica
07/08/1996;F;Solteiro;454,6;510,2;507,2;386,5;Medio;2 a 3;Somente Publica
08/12/1997;F;Solteiro;531;583,9;625,9;533,6;Medio;4 a 5;Somente Publica
27/03/1997;M;Solteiro;532,2;622,9;630,4;638,3;Medio;2 a 3;Somente Publica
11/05/1996;F;Solteiro;655,6;727,5;681,8;691;Medio;4 a 5;Somente Privada
12/11/1987;M;Solteiro;489,4;581,4;516,4;430,7;Fundamental;2 a 3;Somente Publica
22/10/1995;F;Solteiro;461,5;598,9;566,3;481;Medio;2 a 3;Somente Publica
17/09/1995;F;Solteiro;453,3;495,5;479,8;426,5;Fundamental;1 ou menos;Somente Publica
06/09/1994;M;Solteiro;624,1;661,5;591,9;692,7;Medio;2 a 3;Somente Publica
30/11/1995;F;Solteiro;450;478,8;502,9;400,2;Fundamental;2 a 3;Somente Publica
17/10/1995;M;Solteiro;475,3;592,6;514,3;427,7;Fundamental;2 a 3;Somente Publica
07/02/1996;F;Solteiro;451,9;614,1;580,7;453,2;Superior;4 a 5;Somente Publica
17/06/1997;F;Solteiro;526,1;607,5;563,5;579,3;Fundamental;4 a 5;Somente Publica
09/05/1983;M;Casado;599,1;668,2;604;326,6;Fundamental;2 a 3;Somente Publica
15/02/1997;F;Solteiro;546,6;583;605,9;608,2;Fundamental;2 a 3;Somente Publica
22/05/1995;F;Solteiro;511,4;492,7;438,2;350;Medio;2 a 3;Somente Publica
25/11/1987;M;Solteiro;673,4;682,3;639,1;736,5;Superior;4 a 5;Somente Publica
16/09/1994;F;Solteiro;496,2;638,7;606;456,9;Superior;6 a 8;Somente Publica
28/09/1995;F;Solteiro;461,1;427,3;394,4;665;Fundamental;2 a 3;Somente Publica
29/03/1971;M;Solteiro;558,5;640,4;553,9;581,8;Fundamental;2 a 3;Somente Publica
31-2-1997;M;Solteiro;467,9;504,2;492,2;394,3;Medio;2 a 3;Somente Publica
20/12/1996;F;Solteiro;648,4;641,7;588,8;624,8;Medio;6 a 8;Publica/Privada
11/06/1993;F;Solteiro;467;574,1;527,3;330,6;Fundamental;2 a 3;Somente Publica
26/11/1984;M;Solteiro;575,5;646,3;635,2;685,2;Medio;6 a 8;Somente Publica
10/07/1997;F;Solteiro;610,2;656,4;594,3;557,1;Medio;6 a 8;Somente Publica
02/08/1993;F;Solteiro;513,8;555,4;519;548,3;Medio;2 a 3;Somente Publica
26/07/1995;M;Solteiro;604,4;656,2;626,2;763;Medio;9 ou mais;Somente Publica
14/03/1992;F;Solteiro;569;625,3;614,5;547,2;Medio;4 a 5;Somente Privada
30/04/1997;F;Solteiro;602,6;685,7;594,7;681,6;Superior;4 a 5;Somente Privada
27/06/1993;F;Casado;366,7;478,4;483;469,2;Fundamental;2 a 3;Somente Publica
29/08/1973;M;Solteiro;505,2;578,5;372;446,1;Fundamental;2 a 3;Somente Privada
11/12/1995;F;Solteiro;628;611,1;587,5;593,6;Superior;6 a 8;Somente Publica
26/12/1994;M;Solteiro;576,4;632,3;475;555,3;Fundamental;2 a 3;Somente Publica
01/11/1996;F;Solteiro;719,1;743,3;662;903;Medio;9 ou mais;Somente Privada
06/06/1990;F;Solteiro;567,5;594,6;538,9;599,8;Fundamental;2 a 3;Somente Publica
13/01/1992;F;Solteiro;683,6;674,9;721,6;640,9;Medio;9 ou mais;Somente Privada
28/04/1992;F;Casado;502,5;575,6;480,6;463,5;Fundamental;2 a 3;Somente Publica
27/07/1995;M;Solteiro;580,7;505,6;580,7;517,5;Medio;4 a 5;Somente Publica
15/08/1995;F;Casado;470,4;554,5;433,4;476,9;Fundamental;1 ou menos;Somente Publica
30/08/1997;F;Solteiro;573,5;655,3;558,3;583,1;Fundamental;2 a 3;Somente Publica
06/03/1995;F;Solteiro;428,4;498,6;336,7;477,6;Fundamental;2 a 3;Somente Publica
23/08/1996;F;Solteiro;496,1;558,5;548,1;561,2;Medio;6 a 8;Somente Privada
05/12/1990;M;Solteiro;476;604,8;544,1;386,2;Medio;6 a 8;Somente Privada
03/07/1986;F;Solteiro;377,2;500,9;460,2;388,1;Fundamental;4 a 5;Somente Publica
24/03/1973;M;Divorciado;500,8;671,6;556,4;579,9;Fundamental;1 ou menos;Somente Publica
14/12/1995;M;Solteiro;448,2;572;541,2;453,1;Fundamental;2 a 3;Somente Publica
26/02/1980;M;Casado;490,9;558,6;431,2;393,1;Fundamental;2 a 3;Publica/Privada
27/10/1964;M;Divorciado;499,9;634,9;533,3;392,1;Fundamental;2 a 3;Somente Publica
14/12/1956;F;Solteiro;528,7;615,9;535,6;514;Fundamental;2 a 3;Somente Publica
08/05/1996;F;Solteiro;672,8;688,4;602,1;802,4;Superior;9 ou mais;Somente Privada
27/10/1997;M;Solteiro;467,6;538,4;588,8;490,8;Medio;6 a 8;Somente Publica
09/11/1978;M;Solteiro;633,8;644,9;688,6;737,3;Medio;4 a 5;Somente Publica
11/06/1996;F;Solteiro;496,4;608,8;551,4;510,3;Fundamental;2 a 3;Somente Publica
09/09/1995;F;Solteiro;593,2;503,5;544,6;567,6;Fundamental;2 a 3;Somente Publica
22/05/1993;F;Solteiro;405,7;523;431,3;388,7;Fundamental;2 a 3;Somente Publica
21/03/1996;F;Solteiro;464,7;555,2;523,9;367;Fundamental;2 a 3;Somente Publica
01/11/1991;M;Solteiro;490;721,2;626,4;617,1;Fundamental;4 a 5;Somente Publica
30/04/1997;F;Solteiro;649,9;674;629,7;616,3;Medio;9 ou mais;Somente Privada
10/10/1995;F;Solteiro;493,4;406,2;381,4;430,2;Fundamental;2 a 3;Publica/Privada
01/10/1994;F;Solteiro;566,5;598,1;597,2;678,4;Fundamental;4 a 5;Somente Publica
21/12/1973;F;Casado;528,9;548,5;550,2;507,2;Fundamental;2 a 3;Somente Publica
14/09/1997;F;Solteiro;556,9;566,9;547,2;505,8;Fundamental;2 a 3;Somente Publica
26/10/1988;M;Solteiro;638,8;654,7;613,8;794,8;Medio;6 a 8;Somente Privada
13/01/1994;F;Solteiro;514,8;561,5;588,9;350,2;Medio;4 a 5;Somente Publica
22/08/1987;M;Solteiro;490,7;552,4;419,4;359,5;Fundamental;2 a 3;Somente Publica
08/08/1997;M;Solteiro;768,7;715,3;591,6;847,2;Medio;6 a 8;Somente Privada
06/09/1988;M;Solteiro;474,7;467,3;386,7;495,1;Fundamental;2 a 3;Somente Publica
15/06/1985;F;Solteiro;468,2;485,6;485,7;488,9;Fundamental;1 ou menos;Somente Publica
28/01/1997;F;Solteiro;726,2;706,1;666,9;781,1;Superior;6 a 8;Somente Privada
09/09/1965;M;Solteiro;478,8;550,6;448,7;357,9;Fundamental;2 a 3;Publica/Privada
07/07/1993;M;Solteiro;662,4;727,1;626,5;536,5;Fundamental;4 a 5;Somente Publica
20/12/1994;M;Solteiro;608;677,7;543,1;647,4;Medio;4 a 5;Somente Privada
31/08/1989;M;Casado;447,2;556,4;447,3;342,8;Fundamental;2 a 3;Somente Publica
27/09/1994;F;Solteiro;515;398,2;519,1;387,4;Fundamental;2 a 3;Publica/Privada
27/05/1996;F;Solteiro;424,4;520,3;470,5;457,3;Medio;2 a 3;Somente Publica
23/12/1996;F;Solteiro;601,4;637,8;600,6;367,4;Medio;9 ou mais;Somente Privada
03/11/1996;F;Solteiro;483,9;559,2;535,2;562,3;Medio;4 a 5;Somente Publica
04/07/1995;F;Solteiro;447,8;565,8;565;428,4;Medio;2 a 3;Somente Publica
16/07/1963;F;Solteiro;558,7;676,9;599,3;430,7;Fundamental;6 a 8;Somente Publica
04/01/1994;F;Solteiro;724,5;724,5;688,5;803,2;Medio;9 ou mais;Somente Privada
26/03/1992;F;Solteiro;526,5;538,6;507,3;327,9;Medio;4 a 5;Somente Publica
02/02/1990;M;Solteiro;568,3;676;610,9;678,7;Fundamental;4 a 5;Somente Publica
22/04/1987;F;Solteiro;450,1;639,4;550,4;688,2;Medio;2 a 3;Somente Publica
16/02/1995;M;Solteiro;618,3;650,7;619,2;470,6;Superior;4 a 5;Somente Publica
09/04/1989;F;Casado;383,3;486,3;348,5;367,2;Fundamental;1 ou menos;Somente Publica
03/01/1993;F;Solteiro;463,4;596,6;548,8;367,7;Medio;2 a 3;Somente Publica
28/04/1993;F;Solteiro;535,8;610,3;580,4;378,9;Medio;2 a 3;Somente Publica
15/08/1997;F;Solteiro;563,4;663,7;644,1;629,3;Superior;9 ou mais;Somente Privada
23/04/1983;F;Solteiro;537,2;582,6;506,2;445;Fundamental;2 a 3;Somente Publica
01/10/1991;F;Solteiro;500,7;623,5;612,7;382,4;Fundamental;2 a 3;Somente Publica
16/10/1994;F;Casado;453,5;611,8;522,4;406,4;Medio;2 a 3;Somente Publica
19/01/1997;F;Solteiro;524,9;563,2;517,2;322,7;Medio;2 a 3;Somente Publica
01/02/1996;F;Solteiro;624,6;629,2;587,4;627,5;Medio;6 a 8;Somente Privada
16/10/1982;M;Casado;468,2;588,5;530,2;372,6;Fundamental;2 a 3;Somente Publica
30/06/1991;F;Solteiro;455,5;475,6;476,6;539,9;Medio;2 a 3;Somente Publica
27/04/1996;F;Solteiro;470,8;486,8;507,3;469,9;Fundamental;1 ou menos;Somente Publica
01/01/1997;F;Solteiro;458,3;601,2;532,4;548,4;Fundamental;2 a 3;Somente Publica
24/06/1989;F;Solteiro;496,6;586,1;586,8;466,2;Medio;4 a 5;Publica/Privada
25/03/1984;M;Solteiro;590,3;654,3;590,2;668,5;Fundamental;2 a 3;Somente Publica
30/01/1995;M;Solteiro;366;395;491;386,9;Medio;2 a 3;Somente Privada
21/02/1993;F;Solteiro;364,6;538,4;493,6;463;Fundamental;2 a 3;Somente Publica
03/04/1995;F;Solteiro;572,7;602,1;568,6;546,2;Fundamental;4 a 5;Somente Publica
05/03/1997;F;Solteiro;442,7;544,3;464,6;463,4;Fundamental;2 a 3;Somente Publica
27/06/1996;F;Solteiro;437,2;610,2;582,4;398;Medio;9 ou mais;Somente Publica
16/06/1994;F;Solteiro;482;561,4;537,6;437,9;Medio;2 a 3;Somente Publica
26/10/1994;M;Solteiro;546,2;696,5;603;613;Superior;2 a 3;Somente Privada
24/10/1991;F;Solteiro;533,4;571,9;551,8;418,6;Medio;2 a 3;Somente Publica
22/10/1993;F;Solteiro;443,2;449,4;420,8;386,7;Medio;2 a 3;Somente Publica
17/05/1962;F;Solteiro;488,2;617,9;526,5;340,7;Fundamental;2 a 3;Somente Privada
27/05/1993;F;Solteiro;599,1;590;577,4;497;Fundamental;4 a 5;Somente Publica
05/05/1996;F;Solteiro;421;508,7;470,7;376,8;Medio;2 a 3;Somente Publica
10/01/1990;F;Solteiro;496,4;586,3;579,5;343,4;Fundamental;2 a 3;Somente Publica
06/04/1995;M;Solteiro;584,7;627,8;628,3;610,4;Superior;9 ou mais;Somente Privada
20/11/1991;F;Solteiro;557,7;629,3;530;613,6;Medio;2 a 3;Publica/Privada
22/04/1997;F;Solteiro;566,9;639;737,1;746;Medio;6 a 8;Somente Publica
12/05/1991;M;Solteiro;489,7;550,4;560,1;442,5;Medio;4 a 5;Somente Publica
12/01/1990;M;Solteiro;583,5;603,4;554,6;547;Medio;2 a 3;Somente Publica
21/01/1996;F;Solteiro;419,2;557,4;488,5;412;Fundamental;2 a 3;Somente Publica
22/06/1995;F;Solteiro;773,5;746,7;700,3;731,3;Superior;9 ou mais;Somente Privada
27/08/1993;F;Solteiro;459,8;546;517,7;423,8;Fundamental;6 a 8;Somente Publica
10/12/1988;F;Solteiro;663,3;754,7;642,9;787,6;Medio;2 a 3;Somente Privada
03/10/1995;F;Solteiro;507,4;579,5;543,4;545,1;Fundamental;1 ou menos;Somente Publica
09/03/1985;M;Solteiro;624,9;672,4;593,7;689,5;Superior;9 ou mais;Somente Privada
18/08/1993;M;Solteiro;482,7;449,2;543,7;378,3;Fundamental;1 ou menos;Somente Publica
03/02/1991;M;Solteiro;672;717,8;616,6;685,9;Medio;6 a 8;Somente Publica
31/05/1995;M;Solteiro;488,6;426;358,2;357,9;Fundamental;4 a 5;Somente Publica
01/11/1996;F;Solteiro;404,6;579,5;539,1;446,2;Fundamental;2 a 3;Somente Publica
31/03/1996;F;Solteiro;485,3;633,3;567,5;474,2;Fundamental;2 a 3;Somente Publica
24/08/1995;M;Solteiro;447,4;493;411;365,4;Fundamental;1 ou menos;Somente Publica
11/02/1995;F;Solteiro;475,6;591,8;521,5;408,5;Medio;2 a 3;Somente Publica
08/03/1976;F;Casado;386,2;602,2;540,9;435,7;Fundamental;2 a 3;Somente Publica
26/02/1996;F;Solteiro;441,6;406,1;473,2;339,6;Fundamental;2 a 3;Somente Publica
12/07/1996;F;Solteiro;540;560,5;505,5;450;Medio;2 a 3;Somente Publica
23/02/1981;F;Divorciado;498,2;595,2;470,3;479,3;Fundamental;2 a 3;Somente Publica
02/01/1994;M;Solteiro;523;553,4;478,5;521,6;Medio;4 a 5;Somente Publica
22/05/1981;F;Solteiro;489,2;515,4;461;392,2;Fundamental;1 ou menos;Somente Publica
10/04/1994;M;Solteiro;558;566;486;393,4;Medio;4 a 5;Somente Publica
06/06/1991;M;Solteiro;550,7;631,6;530,8;679,6;Medio;2 a 3;Somente Publica
12/12/1993;M;Solteiro;481,4;636,9;581,2;567,8;Medio;2 a 3;Somente Publica
21/02/1993;M;Solteiro;573,7;635,7;594,8;646,1;Fundamental;2 a 3;Somente Publica
24/10/1994;M;Solteiro;475,9;527,5;422,3;465,3;Fundamental;2 a 3;Somente Publica
10/01/1960;M;Casado;621,2;646,1;536,5;620,6;Superior;9 ou mais;Somente Publica
10/12/1990;F;Casado;461,3;545,3;514,9;388,6;Fundamental;2 a 3;Somente Publica
18/10/1997;F;Solteiro;531,8;608,1;549,7;389,5;Medio;4 a 5;Somente Publica
15/12/1997;F;Solteiro;450,8;578,5;522,1;554;Fundamental;2 a 3;Somente Publica
28/10/1984;F;Casado;485,1;583,5;455;431,9;Fundamental;2 a 3;Somente Publica
26/04/1994;M;Solteiro;550,8;589,8;484,5;546;Medio;6 a 8;Somente Publica
05/09/1995;M;Solteiro;446,5;595;537,5;449,3;Medio;6 a 8;Somente Publica
01/06/1997;M;Solteiro;604,7;652,2;587,4;548,1;Superior;6 a 8;Somente Privada
22/03/1994;F;Solteiro;382;412,7;460,2;406,6;Medio;2 a 3;Somente Publica
30/11/1982;F;Casado;567,2;637,7;518,9;589,5;Fundamental;6 a 8;Somente Publica
03/06/1993;F;Solteiro;526,1;617,5;580,7;621,9;Fundamental;2 a 3;Somente Publica
11/12/1975;M;Casado;461;558,5;449,7;469,9;Fundamental;2 a 3;Somente Publica
25/06/1993;M;Casado;614,3;629,7;555;739,3;Superior;6 a 8;Somente Privada
02/07/1989;F;Solteiro;682,7;708,7;724,6;707;Medio;2 a 3;Somente Privada
29/12/1997;M;Solteiro;384,7;564,3;432,4;421,9;Medio;1 ou menos;Somente Publica
08/05/1996;F;Solteiro;528;615,3;449,3;414,8;Medio;2 a 3;Somente Publica
27/01/1978;M;Casado;548,9;689,9;607;587,4;Medio;4 a 5;Somente Publica
09/10/1989;F;Solteiro;485,4;605,9;540,9;474,2;Fundamental;4 a 5;Somente Publica
14/09/1995;F;Solteiro;521,5;621,6;576,7;480,3;Fundamental;2 a 3;Somente Publica
14/04/1987;F;Solteiro;553,8;561,2;529,6;481,4;Fundamental;2 a 3;Somente Publica
29/11/1997;F;Solteiro;668,6;729,6;611,8;712,4;Medio;9 ou mais;Somente Privada
06/10/1981;M;Solteiro;500;606,6;558,5;468,5;Superior;2 a 3;Somente Publica
17/02/1997;F;Solteiro;463,8;587,5;596,2;567,3;Medio;2 a 3;Somente Publica
05/04/1996;F;Solteiro;466,6;554,1;461,1;375,5;Fundamental;2 a 3;Somente Publica
01/06/1992;F;Solteiro;508,1;578,3;545,3;527,5;Medio;6 a 8;Somente Publica
28/01/1993;M;Solteiro;448,2;521,1;448;479,1;Fundamental;2 a 3;Somente Publica
01/11/1997;F;Solteiro;351,8;460,4;432,2;328,4;Fundamental;2 a 3;Somente Publica
28/03/1993;F;Solteiro;480,7;586,2;564,2;403,7;Fundamental;1 ou menos;Somente Publica
10/10/1977;F;Casado;434,5;609,1;525,6;390;Medio;4 a 5;Somente Publica
31/12/1989;F;Solteiro;463,7;602;516,8;482,9;Fundamental;2 a 3;Somente Publica
23/05/1984;F;Solteiro;431,6;610,8;452,7;371,3;Fundamental;2 a 3;Somente Publica
14/09/1997;M;Solteiro;698,5;738;694,2;818,5;Superior;9 ou mais;Somente Privada
30/01/1993;F;Solteiro;467,1;537,5;374,7;348,7;Fundamental;2 a 3;Somente Publica
13/10/1993;M;Solteiro;564,7;592,9;551,1;523;Medio;2 a 3;Somente Publica
20/02/1989;F;Solteiro;452,5;532,3;442,3;333,8;Fundamental;2 a 3;Somente Publica
27/01/1973;F;Casado;432,6;596,9;492,3;380,6;Fundamental;2 a 3;Somente Publica
19/10/1996;M;Solteiro;524,2;563;442;323,1;Fundamental;1 ou menos;Somente Publica
29/03/1994;F;Solteiro;545;627,1;587,2;436;Fundamental;4 a 5;Somente Publica
22/05/1992;M;Solteiro;540,5;582,8;564,4;648,8;Fundamental;2 a 3;Somente Publica
05/05/1994;M;Solteiro;559,7;613,1;566,2;599;Medio;2 a 3;Somente Publica
20/08/1997;F;Solteiro;501;588,6;558,7;588,6;Medio;6 a 8;Somente Privada
25/05/1988;F;Solteiro;483,2;634,5;496,5;441,8;Medio;6 a 8;Somente Publica
28/02/1997;M;Solteiro;574,1;657,4;542,5;600,4;Medio;2 a 3;Somente Publica
10/09/1992;M;Solteiro;395,6;583,7;464,9;390,8;Fundamental;2 a 3;Somente Publica
21/07/1996;M;Solteiro;725,7;709,1;652,9;700,3;Fundamental;6 a 8;Somente Privada
07/12/1996;F;Solteiro;431,9;620,9;520,1;586,1;Fundamental;2 a 3;Somente Publica
10/05/1978;F;Divorciado;612,2;741,5;652,4;672,7;Fundamental;6 a 8;Somente Publica
03/04/1987;M;Solteiro;589,2;637,4;581,9;582,5;Fundamental;2 a 3;Somente Privada
21/05/1996;F;Solteiro;625,4;641,7;613,1;739,3;Medio;9 ou mais;Somente Privada
03/07/1997;F;Solteiro;668,6;711,3;651,2;774,3;Medio;9 ou mais;Somente Privada
23/09/1997;F;Solteiro;566,7;635,3;609;643,8;Medio;6 a 8;Somente Privada
24/11/1997;M;Solteiro;498,5;543;464,2;521,9;Medio;4 a 5;Somente Publica
16/01/1997;F;Solteiro;450,4;556,3;545,9;465,6;Medio;4 a 5;Somente Publica
28/04/1997;F;Solteiro;488,6;604,8;561;430,7;Medio;2 a 3;Somente Publica
25/01/1997;F;Solteiro;736,1;717,5;651,5;811,4;Medio;6 a 8;Somente Privada
16/04/1995;M;Solteiro;464,3;583,6;464,9;403,5;Fundamental;2 a 3;Somente Publica
24/07/1989;M;Solteiro;543,4;573,5;496;332,9;Fundamental;2 a 3;Somente Publica
17/10/1981;F;Divorciado;515;664,3;607,4;664,4;Medio;6 a 8;Somente Publica
19/02/1997;M;Solteiro;688,3;639,7;623,6;841,2;Medio;6 a 8;Somente Privada
31/03/1996;M;Solteiro;558,5;644,3;479,1;615,8;Medio;2 a 3;Publica/Privada
21/01/1985;F;Divorciado;525,5;563,2;554,3;434,3;Fundamental;2 a 3;Somente Publica
15/09/1989;F;Solteiro;608,4;670;640,6;685,2;Medio;9 ou mais;Somente Publica
07/04/1997;M;Solteiro;589,2;630,7;566,5;629,2;Medio;9 ou mais;Somente Privada
16/04/1997;F;Solteiro;408,9;560,5;496,8;392,9;Fundamental;2 a 3;Somente Publica
07/12/1983;F;Casado;376,1;538,8;446;456;Medio;2 a 3;Somente Publica
03/02/1989;M;Solteiro;516,8;624,6;592,7;379,8;Fundamental;2 a 3;Somente Publica
21/10/1982;F;Casado;465,2;603,3;571;413,1;Fundamental;2 a 3;Somente Publica
12/04/1988;F;Solteiro;399,5;597,4;524,2;416,5;Fundamental;4 a 5;Somente Publica
20/06/1994;M;Solteiro;494,1;551,4;418,7;480,6;Fundamental;2 a 3;Somente Publica
29/12/1980;M;Solteiro;463,6;550,3;478,7;503,9;Fundamental;2 a 3;Somente Publica
23/03/1996;F;Solteiro;398,9;469,2;426,2;501;Superior;2 a 3;Somente Publica
02/02/1997;F;Solteiro;517,2;637,7;576,4;732,6;Fundamental;2 a 3;Somente Publica
16/06/1990;F;Solteiro;522,2;580,8;525,7;643,4;Medio;4 a 5;Somente Publica
05/10/1992;M;Solteiro;491,8;633,4;584,7;417,4;Fundamental;6 a 8;Somente Publica
05/11/1995;F;Solteiro;589,3;692,5;607,7;759,2;Medio;6 a 8;Somente Publica
06/04/1992;F;Casado;490,9;642,6;552,7;632,9;Fundamental;2 a 3;Somente Publica
09/08/1986;M;Divorciado;436,1;585,3;484,9;388;Medio;4 a 5;Somente Publica
02/10/1996;M;Solteiro;510,8;608,1;566,6;363,3;Medio;2 a 3;Somente Publica
10/01/1996;F;Solteiro;543,3;565,9;516,3;569,9;Medio;9 ou mais;Somente Privada
23/05/1995;M;Solteiro;532,5;627,1;573,5;582,8;Superior;6 a 8;Somente Privada
08/05/1995;F;Solteiro;574,5;594;561,2;495,9;Medio;2 a 3;Somente Publica
08/05/1993;M;Solteiro;414,5;471,6;381,8;383,1;Fundamental;2 a 3;Somente Publica
22/11/1996;M;Solteiro;564;644,3;588;649,5;Fundamental;2 a 3;Somente Publica
01/02/1996;F;Solteiro;415,1;504,3;515,8;465,1;Fundamental;4 a 5;Somente Publica
07/05/1996;F;Solteiro;509,5;522,7;559,1;342,7;Medio;6 a 8;Somente Privada
01/01/1996;F;Solteiro;371,5;505,9;379,7;361,5;Fundamental;2 a 3;Somente Publica
02/12/1994;M;Solteiro;487,7;636,1;531;580,6;Medio;2 a 3;Somente Publica
25/08/1995;F;Solteiro;520,4;450,1;475,9;444,1;Fundamental;2 a 3;Somente Publica
06/07/1986;F;Solteiro;390,7;518,5;475,1;401,8;Fundamental;1 ou menos;Somente Publica
25/03/1996;M;Solteiro;486;465,2;479,3;395,8;Fundamental;2 a 3;Somente Publica
20/12/1995;F;Solteiro;373,3;446,3;466,3;393,4;Medio;2 a 3;Somente Publica
15/08/1997;F;Solteiro;735,5;672,7;603,1;751,7;Superior;9 ou mais;Somente Privada
30/04/1988;M;Solteiro;616;678;405,8;793,4;Fundamental;1 ou menos;Publica/Privada
26/01/1997;M;Solteiro;522,3;549,3;482,2;465,3;Medio;2 a 3;Somente Publica
26/01/1995;M;Solteiro;502,4;640,8;559,7;593,6;Fundamental;6 a 8;Somente Privada
